spec_id,rank,pred_smiles,gt_smiles,exact_match,tanimoto
spectraverse_pos_000001,1,Cc1ccc(OC2COC=C(C=O)C=C2OCCC(=O)C(C)C)c(O)c1,COc1cc(O)c(C(=O)CCc2ccc(OC)c(OC)c2)c(OC)c1,0,0.2105
spectraverse_pos_000001,2,Cc1ccc(CCC(O)OCC(O)CC(C)O)c(OOC2C=CC(=O)OC2)c1,COc1cc(O)c(C(=O)CCc2ccc(OC)c(OC)c2)c(OC)c1,0,0.131
spectraverse_pos_000001,3,CC(O)Cc1ccc(C=COC=C2COC(=O)CO2)c(OCC(O)C(C)C)c1,COc1cc(O)c(C(=O)CCc2ccc(OC)c(OC)c2)c(OC)c1,0,0.1795
spectraverse_pos_000001,4,CC1COC(C2C=CO2)C=C1O.CC1Oc2ccc(cc2Cl)C(O)CC1=O,COc1cc(O)c(C(=O)CCc2ccc(OC)c(OC)c2)c(OC)c1,0,0.1125
spectraverse_pos_000001,5,CC(Cl)CC(O)COC1OCOC(c2ccoc2)=CC1C(C(=O)O)C(C)O,COc1cc(O)c(C(=O)CCc2ccc(OC)c(OC)c2)c(OC)c1,0,0.1325
spectraverse_pos_000002,1,CC(C=C(O)CC1OCC(C)C2Oc3ccc(cc3O2)C=CC1O)C(=O)O,COc1cc(O)c(C(=O)CCc2ccc(OC)c(OC)c2)c(OC)c1,0,0.1392
spectraverse_pos_000002,2,CC(=CC=C1c2cc(OCC(=O)O)ccc2OCC(C)OC1O)C(Cl)Cl,COc1cc(O)c(C(=O)CCc2ccc(OC)c(OC)c2)c(OC)c1,0,0.1341
spectraverse_pos_000002,3,C=CC(O)Cn1ccc(C2OCC(C)COC(=COCCC(C)C(=O)O)O2)c1,COc1cc(O)c(C(=O)CCc2ccc(OC)c(OC)c2)c(OC)c1,0,0.1111
spectraverse_pos_000002,4,CC1OCC(C=COCO)c2ccn(c2)OC1C(=O)C(C)C(O)C(F)F,COc1cc(O)c(C(=O)CCc2ccc(OC)c(OC)c2)c(OC)c1,0,0.1059
spectraverse_pos_000002,5,Cc1ccc(OC=Cc2ccoc2)c(OCC(O)CC=CC(O)C(=O)O)c1,COc1cc(O)c(C(=O)CCc2ccc(OC)c(OC)c2)c(OC)c1,0,0.1519
spectraverse_pos_000002,6,CC(F)CC(=O)C1Oc2ccc(OC3=CC(CCC#N)COC3C)cc2O1,COc1cc(O)c(C(=O)CCc2ccc(OC)c(OC)c2)c(OC)c1,0,0.1325
spectraverse_pos_000003,1,COc1cc(C)cc(OCC(C)C2OC(c3cccc(C)c3)OCCC2=O)c1OCC(=O)O,COc1cc2c(cc1OC)C1Oc3c(cc(OC)c(OC)c3OC)C1CO2,0,0.1786
spectraverse_pos_000003,2,COc1c(C)cc(C(=O)CO)c(OCC=O)c1C.Oc1cccc(OC2OCC3OC32)c1,COc1cc2c(cc1OC)C1Oc3c(cc(OC)c(OC)c3OC)C1CO2,0,0.1628
spectraverse_pos_000003,3,CC(C)C.COc1cc2cc(OCC(=O)c3ccc(C)o3)c1o2.c1cc2c3cc1C(CO3)O2,COc1cc2c(cc1OC)C1Oc3c(cc(OC)c(OC)c3OC)C1CO2,0,0.2308
spectraverse_pos_000003,4,COc1c(C)c(C(=O)CCC2COC(=O)c3ccc(o3)C2O)cc(O)c1OCC(C)O,COc1cc2c(cc1OC)C1Oc3c(cc(OC)c(OC)c3OC)C1CO2,0,0.2073
spectraverse_pos_000004,1,CON=C(CCc1cc(C)c(OC)c(C(=O)O)c1OCC=O)c1ccc2c(c1)OCC(C)O2,COc1cc2c(cc1OC)C1Oc3c(cc(OC)c(OC)c3OC)C1CO2,0,0.1977
spectraverse_pos_000004,2,COc1cc(C(=O)C=C(OCC(C)C)Oc2cccc(O)c2)cc(OCCC(C)O)c1C,COc1cc2c(cc1OC)C1Oc3c(cc(OC)c(OC)c3OC)C1CO2,0,0.1176
spectraverse_pos_000004,3,CC(O)C1Oc2cc1ccc2O.COc1cc(CC=O)cc(OCC(=O)c2ccoc2)c1C,COc1cc2c(cc1OC)C1Oc3c(cc(OC)c(OC)c3OC)C1CO2,0,0.1628
spectraverse_pos_000004,4,COc1cc(C(=O)C(C=Cc2ccco2)C2COC(C)OC2C)cc(OCCOCC(C)O)c1O,COc1cc2c(cc1OC)C1Oc3c(cc(OC)c(OC)c3OC)C1CO2,0,0.1522
spectraverse_pos_000004,5,CC1CCOC(c2cccc(O)c2)O1.COc1cc(C)cc(C(=O)C(C)C)c1OCC=O,COc1cc2c(cc1OC)C1Oc3c(cc(OC)c(OC)c3OC)C1CO2,0,0.1744
spectraverse_pos_000005,1,COc1cc(C(=O)CC(C=O)OC)cc(OCC(O)c2cccc(C)c2)c1OCC(C)O,COc1cc2c(cc1OC)C1Oc3c(cc(OC)c(OC)c3OC)C1CO2,0,0.1481
spectraverse_pos_000005,2,COc1cc(C(C)COc2cccc(O)c2)cc(OC(=O)c2ccn(C)c2)c1CC=O,COc1cc2c(cc1OC)C1Oc3c(cc(OC)c(OC)c3OC)C1CO2,0,0.1149
spectraverse_pos_000005,3,CC(O)COc1cc2cc(c1O)OC(CC1OCCOC1=O)C2.Cc1ccc(C=O)o1,COc1cc2c(cc1OC)C1Oc3c(cc(OC)c(OC)c3OC)C1CO2,0,0.1333
spectraverse_pos_000005,4,COc1cc(C(=O)C(C)C)cc(C)c1OC(CO)c1ccc(OCC=CCOO)c(C)c1,COc1cc2c(cc1OC)C1Oc3c(cc(OC)c(OC)c3OC)C1CO2,0,0.1358
spectraverse_pos_000005,5,COc1cc(OCC(C2CCO2)C(O)C(=O)O)cc(C(=O)c2ccc(O)c(C)c2)c1O,COc1cc2c(cc1OC)C1Oc3c(cc(OC)c(OC)c3OC)C1CO2,0,0.1429
spectraverse_pos_000005,6,COc1cc(CC(CO)c2ccc(O)o2)cc(OCC(=O)C2CO2)c1O[PH](=O)COC(C)C,COc1cc2c(cc1OC)C1Oc3c(cc(OC)c(OC)c3OC)C1CO2,0,0.2048
spectraverse_pos_000006,1,COc1cc(CC(=O)c2csc(OCC(O)CO)c2)cc(C)c1CC(=CC(C)O)CO,COc1cc2c(cc1OC)C1Oc3c(cc(OC)c(OC)c3OC)C1CO2,0,0.1176
spectraverse_pos_000006,2,CCC=O.COc1c(C)c(CC(=O)C=COc2ccc3c(c2)O3)cc(OCC(C)C)c1O,COc1cc2c(cc1OC)C1Oc3c(cc(OC)c(OC)c3OC)C1CO2,0,0.1395
spectraverse_pos_000007,1,COc1cc(CC(C)O)c(C)c(OC(C=O)c2cccc(C(=O)C3OC(C)O3)c2)c1O,COc1cc2c(cc1OC)C1Oc3c(cc(OC)c(OC)c3OC)C1CO2,0,0.1529
spectraverse_pos_000007,2,COC1C(=O)OC1c1cccc(O)c1.Cc1c(OCC(=O)O)cc2cc1OCC(C)C2,COc1cc2c(cc1OC)C1Oc3c(cc(OC)c(OC)c3OC)C1CO2,0,0.1975
spectraverse_pos_000007,3,COc1cc(OCCC(C)C2CC(=O)C=C(c3ccco3)O2)cc(C)c1OCC(=O)O,COc1cc2c(cc1OC)C1Oc3c(cc(OC)c(OC)c3OC)C1CO2,0,0.186
spectraverse_pos_000008,1,CC1(O)OC=C(c2c3ccc-3c(O)c2=O)COC1=O.COC1OCC(CO)C(O)C1O,O=C(C=Cc1ccc(O)c(O)c1)OC1C(O)C=CC(OC2OC(CO)C(O)C(O)C2O)C1O,0,0.1895
spectraverse_pos_000008,2,CCOC=CC(=O)C=Cc1c(O)ncc(C2OC(CO)C(O)C(O)C2O)occ(F)c1C(=O)O,O=C(C=Cc1ccc(O)c(O)c1)OC1C(O)C=CC(OC2OC(CO)C(O)C(O)C2O)C1O,0,0.2421
spectraverse_pos_000008,3,CC(O)CC=CC1=C(O)C(O)=NC=C2C(O)=C(OC3OC(CO)C(O)C(O)C3O)C=CC21,O=C(C=Cc1ccc(O)c(O)c1)OC1C(O)C=CC(OC2OC(CO)C(O)C(O)C2O)C1O,0,0.2667
spectraverse_pos_000008,4,CC(O)C1=C(CO)C(O)C(=CO)C=CC=NC(C(=O)C=CC(O)C(O)CCO)C(C)O1,O=C(C=Cc1ccc(O)c(O)c1)OC1C(O)C=CC(OC2OC(CO)C(O)C(O)C2O)C1O,0,0.1287
spectraverse_pos_000008,5,CC=C(O)C(=O)OC1=C(F)C=CC2(O)C(COC3OC(CO)C(O)C(O)C3O)=COC=C12,O=C(C=Cc1ccc(O)c(O)c1)OC1C(O)C=CC(OC2OC(CO)C(O)C(O)C2O)C1O,0,0.2609
spectraverse_pos_000008,6,CC(CO)N=CC1=C(O)C(Cl)=CC2C1=COC(=O)C2OC1OC(CO)(CO)C(O)C(O)C1O,O=C(C=Cc1ccc(O)c(O)c1)OC1C(O)C=CC(OC2OC(CO)C(O)C(O)C2O)C1O,0,0.1584
spectraverse_pos_000008,7,COCN=C(C=O)CC=CC1=C(Cl)C(=O)N=C2C1OC=CC2(O)C1OC(CO)C(O)C(O)C1O,O=C(C=Cc1ccc(O)c(O)c1)OC1C(O)C=CC(OC2OC(CO)C(O)C(O)C2O)C1O,0,0.2039
spectraverse_pos_000008,8,COOC=Cc1ccn(C=CC2=C(Cl)C(=O)C(O)=CC2C2OC(CO)C(O)C(O)C2O)c1,O=C(C=Cc1ccc(O)c(O)c1)OC1C(O)C=CC(OC2OC(CO)C(O)C(O)C2O)C1O,0,0.2553
spectraverse_pos_000009,1,COC=CC=CC(=O)C=CC1(O)C(F)=CC(COC2OC(CO)C(O)C(O)C2O)=NCC1O,O=C(C=Cc1ccc(O)c(O)c1)OC1C(O)C=CC(OC2OC(CO)C(O)C(O)C2O)C1O,0,0.2717
spectraverse_pos_000009,2,CC(=O)C=CC(C)(COC(CO)C(O)C(O)CO)NC=C1C(=O)C(O)=C2CCC1C=CO2,O=C(C=Cc1ccc(O)c(O)c1)OC1C(O)C=CC(OC2OC(CO)C(O)C(O)C2O)C1O,0,0.1415
spectraverse_pos_000009,3,COCC=CC1(O)C=CC2C=C(C(=O)O)C(O)CC21N=COC1OC(CO)C(O)C(O)C1O,O=C(C=Cc1ccc(O)c(O)c1)OC1C(O)C=CC(OC2OC(CO)C(O)C(O)C2O)C1O,0,0.266
spectraverse_pos_000009,4,COC=C1C(=O)C(CC=Cc2c(O)cc(O)cc2O)=C=C1OC1OC(CO)C(O)C(O)C1O,O=C(C=Cc1ccc(O)c(O)c1)OC1C(O)C=CC(OC2OC(CO)C(O)C(O)C2O)C1O,0,0.2989
spectraverse_pos_000009,5,COCC(O)C1=COC(=O)OCC2=C(C)C(O)=NCC2=C1.OCC1OCC(O)C(O)C1O,O=C(C=Cc1ccc(O)c(O)c1)OC1C(O)C=CC(OC2OC(CO)C(O)C(O)C2O)C1O,0,0.1717
spectraverse_pos_000009,6,CCCOC1=C(F)C(C2=CCC(C(=O)O)C(O)=CC2)=COC1OC(CO)C(O)C(O)CO,O=C(C=Cc1ccc(O)c(O)c1)OC1C(O)C=CC(OC2OC(CO)C(O)C(O)C2O)C1O,0,0.1238
spectraverse_pos_000010,1,COCC=CC1C(O)C(O)=CC2=C(C=C3OC(CO)C(O)C(O)C3O)CC(O)C=CC21,O=C(C=Cc1ccc(O)c(O)c1)OC1C(O)C=CC(OC2OC(CO)C(O)C(O)C2O)C1O,0,0.1935
spectraverse_pos_000010,2,CC(=CCNC1=C(F)C(=O)C2C(O)=COC2(C2OC(CO)C(O)C(O)C2O)C=CC1)CO,O=C(C=Cc1ccc(O)c(O)c1)OC1C(O)C=CC(OC2OC(CO)C(O)C(O)C2O)C1O,0,0.2041
spectraverse_pos_000010,3,COCC(O)=CC=C1C(N)=COC2C(O)=CC1C=C2C(=O)C1OC(CO)C(O)C(O)C1O,O=C(C=Cc1ccc(O)c(O)c1)OC1C(O)C=CC(OC2OC(CO)C(O)C(O)C2O)C1O,0,0.2366
spectraverse_pos_000010,4,CC=CC1=C(O)C(O)=CC2C(=CC(=O)OC2C2OC(CO)C(O)C(O)C2O)CC=C1O,O=C(C=Cc1ccc(O)c(O)c1)OC1C(O)C=CC(OC2OC(CO)C(O)C(O)C2O)C1O,0,0.236
spectraverse_pos_000010,5,CC1=NCC(OC2OC(CO)C(O)C(O)C2O)=C1C=CC=CC1C(O)COCC(=O)C1O,O=C(C=Cc1ccc(O)c(O)c1)OC1C(O)C=CC(OC2OC(CO)C(O)C(O)C2O)C1O,0,0.2366
spectraverse_pos_000011,1,COC=CC1=C(C(=O)[O-])CC=C=CC2(O)C1=NCOC(=O)C2O.OC1CC(O)C2CC1O2,O=C(C=Cc1ccc(O)c(O)c1)OC1C(O)C=CC(OC2OC(CO)C(O)C(O)C2O)C1O,0,0.125
spectraverse_pos_000011,2,CCC#CC=CC1=C([O-])C=CC2C1C=C(OC1OC(CO)C(O)C(O)C1O)C2C(=O)O,O=C(C=Cc1ccc(O)c(O)c1)OC1C(O)C=CC(OC2OC(CO)C(O)C(O)C2O)C1O,0,0.3
spectraverse_pos_000011,3,CC#CC=CC1C(O)=CCC2=C(C=C1O)C(=O)C(OC1OCC(O)C(O)C1O)OC2CO,O=C(C=Cc1ccc(O)c(O)c1)OC1C(O)C=CC(OC2OC(CO)C(O)C(O)C2O)C1O,0,0.1939
spectraverse_pos_000012,1,CC1=C(CO)CC(=O)C(C)=C(COC2C(CO)OC(OC(=O)c3ccc(O)c(O)c3)C(O)C2O)CC1.OC1C2CC(O2)C(O)C1O,COc1cc(C2OCC3C(c4cc(OC)c(OC5OC(CO)C(O)C(O)C5O)c(OC)c4)OCC23)cc(OC)c1O,0,0.234
spectraverse_pos_000012,2,CC1=CC(C2OC(CO)C(O)C(O)C2O)C(OC(O)(c2cc(C)cc(O)c2)C2CCC(CO)C=C(C(=O)O)C(=O)OC2)C(O)C1O,COc1cc(C2OCC3C(c4cc(OC)c(OC5OC(CO)C(O)C(O)C5O)c(OC)c4)OCC23)cc(OC)c1O,0,0.2323
spectraverse_pos_000012,3,C=C(C)C1C=CC(=O)OC(CO)C=C1OC(=O)Cc1ccc(O)c(O)c1.CC1CC2OC(O1)C2OC1OC(CO)C(O)C(O)C1O,COc1cc(C2OCC3C(c4cc(OC)c(OC5OC(CO)C(O)C(O)C5O)c(OC)c4)OCC23)cc(OC)c1O,0,0.233
spectraverse_pos_000012,4,Cc1cc(O)cc(C(C)COC2C(CO)OCC(C)C2O)c1.O=C1CC=CCC(OC2OC(CO)C(O)C(O)C2O)C2=C(O1)C(=O)O2,COc1cc(C2OCC3C(c4cc(OC)c(OC5OC(CO)C(O)C(O)C5O)c(OC)c4)OCC23)cc(OC)c1O,0,0.2812
spectraverse_pos_000012,5,CC1=C2C(=O)OC(C)=C(OC(=O)c3ccc(O)c(CO)c3)C2CC1.CO.OC1C2COC(O2)C(O)C1O.OCC1CC(O)C(O)=CO1,COc1cc(C2OCC3C(c4cc(OC)c(OC5OC(CO)C(O)C(O)C5O)c(OC)c4)OCC23)cc(OC)c1O,0,0.1905
spectraverse_pos_000012,6,CC1=C(C(=O)O)CCC=CC(c2ccc(O)cc2)CC(=O)O1.CC1OC2COC2C(O)C1O.O=C1OC2OC(CO)C(O)C(O)C12,COc1cc(C2OCC3C(c4cc(OC)c(OC5OC(CO)C(O)C(O)C5O)c(OC)c4)OCC23)cc(OC)c1O,0,0.21
spectraverse_pos_000012,7,C=C(C(=O)OC1OC(C)C(O)C(O)C1O)C1CCCC(OC2C(CO)OC(C)C(O)C2O)C(CO)=CC(=O)O1.Cc1ccc(O)cc1,COc1cc(C2OCC3C(c4cc(OC)c(OC5OC(CO)C(O)C(O)C5O)c(OC)c4)OCC23)cc(OC)c1O,0,0.2062
spectraverse_pos_000012,8,C=C(CC1OC(OCC2OC(CO)C(O)C(O)C2O)C(O)C(O)C1O)C1C(OC(=O)c2ccc(C)cc2)CCC=C2COC(=O)OC21,COc1cc(C2OCC3C(c4cc(OC)c(OC5OC(CO)C(O)C(O)C5O)c(OC)c4)OCC23)cc(OC)c1O,0,0.25
spectraverse_pos_000012,9,CC1=CC2OC(CC3=C1C(=O)C=C(CO)CC3)C(O)C(O)C2O.Cc1cc(O)cc(C(=O)OC2OC(CO)C(O)C(O)C2O)c1,COc1cc(C2OCC3C(c4cc(OC)c(OC5OC(CO)C(O)C(O)C5O)c(OC)c4)OCC23)cc(OC)c1O,0,0.2609
spectraverse_pos_000013,1,CO.COC1=C(COC2OC(C)C(O)C(O)C2O)C=CC1CCCC(C)=CO.O=C(OCC1C(=O)OC(O)CC1O)c1ccc(O)cc1,COc1cc(C2OCC3C(c4cc(OC)c(OC5OC(CO)C(O)C(O)C5O)c(OC)c4)OCC23)cc(OC)c1O,0,0.1682
spectraverse_pos_000013,2,CC1CC(CC2C(C)C(OC(=O)c3ccc(O)cc3)OC(O)C2O)C(COC2OC(CO)C(O)C(O)C2O)=CC1CC1=CC(=O)O1,COc1cc(C2OCC3C(c4cc(OC)c(OC5OC(CO)C(O)C(O)C5O)c(OC)c4)OCC23)cc(OC)c1O,0,0.25
spectraverse_pos_000013,3,CCC1C(CO)OC(OC(=O)C2=C(OC3OC(CO)C(O)C(O)C3O)CC(=Cc3ccc(C)cc3)CC(C)=CCC(=O)O2)C(O)C1O,COc1cc(C2OCC3C(c4cc(OC)c(OC5OC(CO)C(O)C(O)C5O)c(OC)c4)OCC23)cc(OC)c1O,0,0.2747
spectraverse_pos_000014,1,CC1=CC(c2ccc(CO)c(O)c2)OC(=O)C(C(=O)OC2OC(C)C(O)C(O)C2O)=C(OCC2OC(CO)C(O)C(O)C2O)CCCC1,COc1cc(C2OCC3C(c4cc(OC)c(OC5OC(CO)C(O)C(O)C5O)c(OC)c4)OCC23)cc(OC)c1O,0,0.2737
spectraverse_pos_000014,2,CC1=C2CCC3(C)COC2(OCC1)C(=O)O3.CC1CCC(=CC=O)OC1=O.OCC1OC(Oc2ccc(O)cc2)C(O)C(O)C1O,COc1cc(C2OCC3C(c4cc(OC)c(OC5OC(CO)C(O)C(O)C5O)c(OC)c4)OCC23)cc(OC)c1O,0,0.2451
spectraverse_pos_000014,3,CC(=CC1CCC(OC2OC(O)C(O)C(O)C2O)OC1=O)CO.O=C(O)C1=C2C(=O)OCC2(O)CC(c2ccc(O)cc2)=CC1,COc1cc(C2OCC3C(c4cc(OC)c(OC5OC(CO)C(O)C(O)C5O)c(OC)c4)OCC23)cc(OC)c1O,0,0.181
spectraverse_pos_000014,4,CC1CC(CO)C(OCC2OC(Cc3ccc(OC(=O)C4=COC(C)C5C=CC(=O)OC45)cc3)C(O)C(O)C2O)OC=C(O)C1O,COc1cc(C2OCC3C(c4cc(OC)c(OC5OC(CO)C(O)C(O)C5O)c(OC)c4)OCC23)cc(OC)c1O,0,0.1923
spectraverse_pos_000014,5,C=Cc1ccc(OCC2OC(CO)C(O)C(O)C2O)cc1.COC1=C(C(=O)OCC2(O)C(O)=COC2C)C(c2cnc(C)c(=O)o2)CC1,COc1cc(C2OCC3C(c4cc(OC)c(OC5OC(CO)C(O)C(O)C5O)c(OC)c4)OCC23)cc(OC)c1O,0,0.211
spectraverse_pos_000014,6,CC1=C(C(=O)OC2C(C)C(OC3OC(CO)C(O)C(O)C3O)OC(CO)C2O)C(=CO)OC(S(=O)(=O)c2ccc(O)cc2C)CC1,COc1cc(C2OCC3C(c4cc(OC)c(OC5OC(CO)C(O)C(O)C5O)c(OC)c4)OCC23)cc(OC)c1O,0,0.25
spectraverse_pos_000015,1,CC1CC(O)=C2OC(=O)C(C(C)(C)C3C(O)OC(OC(=O)c4ccc(OC5OC(CO)C(O)C(O)C5O)cc4)C(O)C3O)=CC(CO)CC21,COc1cc(C2OCC3C(c4cc(OC)c(OC5OC(CO)C(O)C(O)C5O)c(OC)c4)OCC23)cc(OC)c1O,0,0.2766
spectraverse_pos_000015,2,CC(O)=CC1CCC(c2ccc(O)cc2)C=C1C1(C)CC(OC2(CO)OC(COC(=O)C3C=C(C)C(O)C(O)C3O)C(O)C2O)C(=O)O1,COc1cc(C2OCC3C(c4cc(OC)c(OC5OC(CO)C(O)C(O)C5O)c(OC)c4)OCC23)cc(OC)c1O,0,0.1351
spectraverse_pos_000015,3,CC(=O)OCC1OC(OC2OC(CO)C(O)C(O)C2O)C(O)(C(C)(CC2=CCC3(O)CCC=C3C(=O)O2)c2ccc(O)cc2)C1O,COc1cc(C2OCC3C(c4cc(OC)c(OC5OC(CO)C(O)C(O)C5O)c(OC)c4)OCC23)cc(OC)c1O,0,0.2551
spectraverse_pos_000015,4,CC1=C(C(=O)OCC2COC(C(C)(O)c3ccc(O)c(O)c3)C(O)C2)OC=C2C(=O)OC(COC3OC(CO)C(O)C(O)C3O)C2CC1,COc1cc(C2OCC3C(c4cc(OC)c(OC5OC(CO)C(O)C(O)C5O)c(OC)c4)OCC23)cc(OC)c1O,0,0.2571
spectraverse_pos_000016,1,CC1C=C(O)C=C(C(=O)O)C=C2C(O)=CC(c3ccc(O)c(O)c3)=C2OC(c2c(O)cc(OC3OC(CO)C(O)C(O)C3O)c3c2OC(=O)CC3)O1,O=C(C=Cc1ccc(O)c2c1C(C(=O)OC(Cc1ccc(O)c(O)c1)C(=O)O)C(c1ccc(O)c(O)c1)O2)OC(Cc1ccc(O)c(O)c1)C(=O)O,0,0.1736
spectraverse_pos_000016,2,COc1cc(O)c2c(c1OC1OC(CO)C(O)C(O)C1O)C(c1ccc(O)c(O)c1)CC2O.Oc1cc(O)cc(C2Oc3c(O)cc4cc3OC42)c1,O=C(C=Cc1ccc(O)c2c1C(C(=O)OC(Cc1ccc(O)c(O)c1)C(=O)O)C(c1ccc(O)c(O)c1)O2)OC(Cc1ccc(O)c(O)c1)C(=O)O,0,0.219
spectraverse_pos_000016,3,CC1CC(c2cc3c(c(O)c2OCc2cccc(O)c2)OC2OC(OC(=O)c4cc-3cc(O)c4O)C(O)C(O)C2O)=CC(O)=CC(O)=COC1CO,O=C(C=Cc1ccc(O)c2c1C(C(=O)OC(Cc1ccc(O)c(O)c1)C(=O)O)C(c1ccc(O)c(O)c1)O2)OC(Cc1ccc(O)c(O)c1)C(=O)O,0,0.1356
spectraverse_pos_000017,1,CC1C(c2cc(O)c(C(=O)c3ccc(O)c(O)c3)c(O)c2)OC(Oc2cc(O)cc3c2OCC2C=Cc4cc(CO)cc(O)c4OC32)C(O)C(O)C1O,O=C(C=Cc1ccc(O)c2c1C(C(=O)OC(Cc1ccc(O)c(O)c1)C(=O)O)C(c1ccc(O)c(O)c1)O2)OC(Cc1ccc(O)c(O)c1)C(=O)O,0,0.2162
spectraverse_pos_000017,2,CC1c2cc(OC(=O)c3ccc(O)c(O)c3)cc(O)c2OC1c1c(OC2OC(CO)C(O)C(O)C2O)cc(O)c2oc3ccc(O)cc3c(=O)c12,O=C(C=Cc1ccc(O)c2c1C(C(=O)OC(Cc1ccc(O)c(O)c1)C(=O)O)C(c1ccc(O)c(O)c1)O2)OC(Cc1ccc(O)c(O)c1)C(=O)O,0,0.193
spectraverse_pos_000017,3,CC1c2c(O)cc(-c3ccc(O)c(O)c3)cc2C(=O)OC1OC1C(O)c2cc(C3OC(CO)C(O)C(O)C3O)ccc2OC1c1ccc(O)c(O)c1,O=C(C=Cc1ccc(O)c2c1C(C(=O)OC(Cc1ccc(O)c(O)c1)C(=O)O)C(c1ccc(O)c(O)c1)O2)OC(Cc1ccc(O)c(O)c1)C(=O)O,0,0.2233
spectraverse_pos_000017,4,COC1Oc2cc(OC3OC(CO)C(O)C(O)C3O)cc(O)c2C1C(=O)C1=CC2(C=C1O)OCC(c1ccc(O)c(O)c1)OC2c1ccc(O)c(O)c1,O=C(C=Cc1ccc(O)c2c1C(C(=O)OC(Cc1ccc(O)c(O)c1)C(=O)O)C(c1ccc(O)c(O)c1)O2)OC(Cc1ccc(O)c(O)c1)C(=O)O,0,0.2182
spectraverse_pos_000017,5,CC1C(O)Oc2cc(O)c(C(=O)C3OC(CO)C(O)C(O)C3O)cc2OC1Oc1ccc(O)c2c1OC(c1ccc(O)c(O)c1)C2c1cc(O)cc(O)c1,O=C(C=Cc1ccc(O)c2c1C(C(=O)OC(Cc1ccc(O)c(O)c1)C(=O)O)C(c1ccc(O)c(O)c1)O2)OC(Cc1ccc(O)c(O)c1)C(=O)O,0,0.2647
spectraverse_pos_000018,1,CC1OC2OC1Oc1c(O)c(OC(=O)c3cc(O)cc(O)c3)cc(C3OC(CO)C(O)C(O)C3O)c12.O=C1C=C2OC3=CC3=C(CCO)C12O,O=C(C=Cc1ccc(O)c2c1C(C(=O)OC(Cc1ccc(O)c(O)c1)C(=O)O)C(c1ccc(O)c(O)c1)O2)OC(Cc1ccc(O)c(O)c1)C(=O)O,0,0.1488
spectraverse_pos_000018,2,CC1C2OCOc3c(cc(O)c4oc(=O)cc(O)c34)Oc3cc(cc(O)c3O)C(Oc3ccc(C(=O)OC4OC(CO)C(O)C(O)C4O)cc32)C1O,O=C(C=Cc1ccc(O)c2c1C(C(=O)OC(Cc1ccc(O)c(O)c1)C(=O)O)C(c1ccc(O)c(O)c1)O2)OC(Cc1ccc(O)c(O)c1)C(=O)O,0,0.1667
spectraverse_pos_000018,3,CC(=O)c1cc(O)c(O)c(C2CC(=O)C3(CO2)COC(C)C(O)O3)oc(-c2ccc(CO)c(O)c2)cc(=O)c1.OC1C2OC(O2)C(O)C1O,O=C(C=Cc1ccc(O)c2c1C(C(=O)OC(Cc1ccc(O)c(O)c1)C(=O)O)C(c1ccc(O)c(O)c1)O2)OC(Cc1ccc(O)c(O)c1)C(=O)O,0,0.1282
spectraverse_pos_000019,1,CC1C(c2ccc(O)c(O)c2)Oc2cc(O)cc(O)c2OC1c1cc(OC2OC(CO)C(O)C(O)C2O)cc2c1CCO2.O=C1Oc2ccc(O)c1c2,O=C(C=Cc1ccc(O)c2c1C(C(=O)OC(Cc1ccc(O)c(O)c1)C(=O)O)C(c1ccc(O)c(O)c1)O2)OC(Cc1ccc(O)c(O)c1)C(=O)O,0,0.2105
spectraverse_pos_000019,2,COC(=O)c1c(-c2cc(O)c(O)c(OC3OC(c4cc(O)cc5c4OC(c4ccc(O)c(O)c4)O5)C(O)C(O)C3O)c2)oc2c1OC(O)C2O,O=C(C=Cc1ccc(O)c2c1C(C(=O)OC(Cc1ccc(O)c(O)c1)C(=O)O)C(c1ccc(O)c(O)c1)O2)OC(Cc1ccc(O)c(O)c1)C(=O)O,0,0.2
spectraverse_pos_000019,3,CC1C(Oc2c(C(=O)OC3OCc4cc(O)cc(O)c4OC3c3ccc(O)c(O)c3)oc3cc(-c4ccc(O)c(O)c4)ccc23)OCC(O)C1O.CO,O=C(C=Cc1ccc(O)c2c1C(C(=O)OC(Cc1ccc(O)c(O)c1)C(=O)O)C(c1ccc(O)c(O)c1)O2)OC(Cc1ccc(O)c(O)c1)C(=O)O,0,0.2091
spectraverse_pos_000020,1,CC1C(C(=O)c2c(OC3OC(CO)C(O)C(O)C3O)cc3c(c2O)OC(c2ccc(O)c(O)c2)CC3)OC(O)c2cc(O)c(O)cc2OC2OC21,O=C(C=Cc1ccc(O)c2c1C(C(=O)OC(Cc1ccc(O)c(O)c1)C(=O)O)C(c1ccc(O)c(O)c1)O2)OC(Cc1ccc(O)c(O)c1)C(=O)O,0,0.2054
spectraverse_pos_000020,2,CC1OC2Oc3c(O)cc(O)cc3OC2C(O)c2cc1ccc2OC(=O)C(O)CC(CCC1=C(O)C=C(c2ccc(O)c(O)c2)OC1(C)O)OC=O,O=C(C=Cc1ccc(O)c2c1C(C(=O)OC(Cc1ccc(O)c(O)c1)C(=O)O)C(c1ccc(O)c(O)c1)O2)OC(Cc1ccc(O)c(O)c1)C(=O)O,0,0.2066
spectraverse_pos_000021,1,CC1OC(Oc2cc(C(O)COC3OC(COC(=O)C=Cc4ccc(O)c(O)c4)C(O)CC3OC3OC(OCO)C(O)C(O)C3C)ccc2O)C(O)C(O)C1O.OO,CC1OC(OCC2OC(OCCc3ccc(O)c(O)c3)C(O)C(OC3OC(C)C(O)C(O)C3O)C2OC(=O)C=Cc2ccc(O)c(O)c2)C(O)C(O)C1O,0,0.4231
spectraverse_pos_000021,2,CC1OC2OC3OC(OC4OC(COC(=O)C=Cc5ccc(O)c(O)c5)C(O)C(O)C4OC(C1O)C2O)C(OC1OC(C(C)(O)CO)OCC1O)C(C)C(O)C3O,CC1OC(OCC2OC(OCCc3ccc(O)c(O)c3)C(O)C(OC3OC(C)C(O)C(O)C3O)C2OC(=O)C=Cc2ccc(O)c(O)c2)C(O)C(O)C1O,0,0.3578
spectraverse_pos_000021,3,CC1C(OCC2OC(OCCO)C(O)C(O)C2O)OC2c3cc(ccc3O)C=CC(=O)OC2C(O)C1O.CC1OC(OCCc2ccc(O)c(O)c2)C(O)C1O.O,CC1OC(OCC2OC(OCCc3ccc(O)c(O)c3)C(O)C(OC3OC(C)C(O)C(O)C3O)C2OC(=O)C=Cc2ccc(O)c(O)c2)C(O)C(O)C1O,0,0.4479
spectraverse_pos_000021,4,COC1OC(C2OC(C(C)(C)c3ccc(O)cc3)C(OC3OC(OCO)C(O)C(O)C3C)CC2O)C(O)C(O)C1OCCO.O=C(O)C=Cc1ccc(O)c(O)c1,CC1OC(OCC2OC(OCCc3ccc(O)c(O)c3)C(O)C(OC3OC(C)C(O)C(O)C3O)C2OC(=O)C=Cc2ccc(O)c(O)c2)C(O)C(O)C1O,0,0.3304
spectraverse_pos_000021,5,CC(C)OC1C(COC2OC(O)C(C)OC(O)C2OC(=O)C=Cc2ccc(O)c(O)c2)OC(OC2OC(C(O)c3ccc(O)c(O)c3)C(O)C(O)C2C)C(O)C1O,CC1OC(OCC2OC(OCCc3ccc(O)c(O)c3)C(O)C(OC3OC(C)C(O)C(O)C3O)C2OC(=O)C=Cc2ccc(O)c(O)c2)C(O)C(O)C1O,0,0.4845
spectraverse_pos_000021,6,C=CC(=O)OC1C2OCC(O2)C(O)C1O.CC(O)c1ccc(CCOC2C(OC3OC(C)C(O)C(O)C3O)OC(O)C(=Cc3ccc(O)c(O)c3)C2C)c(O)c1.O,CC1OC(OCC2OC(OCCc3ccc(O)c(O)c3)C(O)C(OC3OC(C)C(O)C(O)C3O)C2OC(=O)C=Cc2ccc(O)c(O)c2)C(O)C(O)C1O,0,0.3889
spectraverse_pos_000022,1,CC1C(O)CC(OC(=O)O)C(CO)OC1OC1OC(OCCc2ccc(O)cc2)C(O)C(O)C1O.CC1OC(O)CC(O)C1O.O=C(O)C=Cc1ccc(O)c(O)c1,CC1OC(OCC2OC(OCCc3ccc(O)c(O)c3)C(O)C(OC3OC(C)C(O)C(O)C3O)C2OC(=O)C=Cc2ccc(O)c(O)c2)C(O)C(O)C1O,0,0.4898
spectraverse_pos_000022,2,C=Cc1ccc(O)c(OC2OC(CO)C(O)C(OC(=O)C=Cc3ccc(O)cc3)C2O)c1.CC1C(OCCCC(=O)O)OCC(O)C1O.CC1OC(O)C(O)C(O)C1O,CC1OC(OCC2OC(OCCc3ccc(O)c(O)c3)C(O)C(OC3OC(C)C(O)C(O)C3O)C2OC(=O)C=Cc2ccc(O)c(O)c2)C(O)C(O)C1O,0,0.3889
spectraverse_pos_000022,3,COC1C(OC2C(CC(C)(O)c3ccc(O)c(OCO)c3)OC(OC3OCOC(O)C(O)C3C)C(O)C2O)OC(C)C(O)C1O.O=C(O)C=Cc1ccc(O)c(O)c1,CC1OC(OCC2OC(OCCc3ccc(O)c(O)c3)C(O)C(OC3OC(C)C(O)C(O)C3O)C2OC(=O)C=Cc2ccc(O)c(O)c2)C(O)C(O)C1O,0,0.3761
spectraverse_pos_000022,4,CC1(C)COc2ccc1cc2O.CC1C(O)C(O)OC(CO)C1OCC1OCC(O)C(O)C1O.CC1OC(OC(=O)C=Cc2ccc(O)c(O)c2)C(O)C(O)C1O,CC1OC(OCC2OC(OCCc3ccc(O)c(O)c3)C(O)C(OC3OC(C)C(O)C(O)C3O)C2OC(=O)C=Cc2ccc(O)c(O)c2)C(O)C(O)C1O,0,0.4412
spectraverse_pos_000022,5,CC(C)(O)CO.CC1OC(C2OCC(OC(=O)C=Cc3ccc(O)c(O)c3)C(O)C2C)C(O)C(O)C1O.CC1OC(O)C(O)C(O)C1O.Cc1ccc(O)c(O)c1,CC1OC(OCC2OC(OCCc3ccc(O)c(O)c3)C(O)C(OC3OC(C)C(O)C(O)C3O)C2OC(=O)C=Cc2ccc(O)c(O)c2)C(O)C(O)C1O,0,0.3854
spectraverse_pos_000022,6,CC(O)OC1C(O)C(COCCC2OC(C)C(O)C(O)C2OC(=O)C=Cc2ccc(O)cc2)OC(OC2OC(=Cc3ccc(O)c(O)c3)C(O)C(O)C2C)C1O,CC1OC(OCC2OC(OCCc3ccc(O)c(O)c3)C(O)C(OC3OC(C)C(O)C(O)C3O)C2OC(=O)C=Cc2ccc(O)c(O)c2)C(O)C(O)C1O,0,0.4369
spectraverse_pos_000022,7,CC1OC(OC2C(OC(=O)C=Cc3ccc(O)c(O)c3)C(OC3OC(CCO)C(O)C(O)C3C)OC3COC2C3O)C(O)C(O)C1O.OCCc1ccc(O)cc1O,CC1OC(OCC2OC(OCCc3ccc(O)c(O)c3)C(O)C(OC3OC(C)C(O)C(O)C3O)C2OC(=O)C=Cc2ccc(O)c(O)c2)C(O)C(O)C1O,0,0.4752
spectraverse_pos_000022,8,C=Cc1ccc(O)cc1.CC1OC(OC2OC(C(O)CO)C(O)C(OC(=O)C=Cc3ccc(O)c(O)c3O)C2C)C(OCOC2C(O)C3CCC(O3)C2O)C(O)C1O,CC1OC(OCC2OC(OCCc3ccc(O)c(O)c3)C(O)C(OC3OC(C)C(O)C(O)C3O)C2OC(=O)C=Cc2ccc(O)c(O)c2)C(O)C(O)C1O,0,0.3426
spectraverse_pos_000023,1,CC1OC(OC2C(C)C(OCCO)OC(OC(=O)C=Cc3ccc(O)c(O)c3)C2O)C(O)C(O)C1O.OCC1OC(OC2OC3C(O)CC3(O)O2)C(O)C(O)C1O,CC1OC(OCC2OC(OCCc3ccc(O)c(O)c3)C(O)C(OC3OC(C)C(O)C(O)C3O)C2OC(=O)C=Cc2ccc(O)c(O)c2)C(O)C(O)C1O,0,0.5155
spectraverse_pos_000023,2,CC1C(Oc2ccc(C3OC3(O)CCO)cc2)OC(C2C(O)C3COC(O3)C2O)C(O)C1O.CC1OC(OO)C(O)C(O)C1O.O=C(O)C=Cc1ccc(O)c(O)c1,CC1OC(OCC2OC(OCCc3ccc(O)c(O)c3)C(O)C(OC3OC(C)C(O)C(O)C3O)C2OC(=O)C=Cc2ccc(O)c(O)c2)C(O)C(O)C1O,0,0.3246
spectraverse_pos_000023,3,CC1OC(C2OC(COOC(=O)C=Cc3ccc(O)c(O)c3)C(OC=O)C(C)C(O)C2O)C(OCCO)C(O)C1O.Oc1ccc(C2OC3OC3C(O)C2O)cc1O,CC1OC(OCC2OC(OCCc3ccc(O)c(O)c3)C(O)C(OC3OC(C)C(O)C(O)C3O)C2OC(=O)C=Cc2ccc(O)c(O)c2)C(O)C(O)C1O,0,0.396
spectraverse_pos_000023,4,CC(=O)OC1CC(O)C(O)C(C)O1.CC1C2OC(O2)C(O)C1O.O=C(C=Cc1ccc(O)c(O)c1)OCC1OCC(O)C(O)C(O)C1c1cc(O)ccc1CCO,CC1OC(OCC2OC(OCCc3ccc(O)c(O)c3)C(O)C(OC3OC(C)C(O)C(O)C3O)C2OC(=O)C=Cc2ccc(O)c(O)c2)C(O)C(O)C1O,0,0.3304
spectraverse_pos_000023,5,C=C(OC1C(O)C(O)C(O)OC1C1OC(OC2C3COC(O3)C(O)C2OC(=O)C=Cc2ccc(O)cc2)C(C)C(O)C1O)c1ccc(O)c(O)c1.CC(C)COCO,CC1OC(OCC2OC(OCCc3ccc(O)c(O)c3)C(O)C(OC3OC(C)C(O)C(O)C3O)C2OC(=O)C=Cc2ccc(O)c(O)c2)C(O)C(O)C1O,0,0.3077
spectraverse_pos_000023,6,CC(O)C1OC(OC2OC(COC3OC(O)C(O)C(O)C3OCCc3ccc(O)cc3O)C(O)C(O)C2OC(=O)C=Cc2ccc(O)c(O)c2)C(C)C(O)C1O,CC1OC(OCC2OC(OCCc3ccc(O)c(O)c3)C(O)C(OC3OC(C)C(O)C(O)C3O)C2OC(=O)C=Cc2ccc(O)c(O)c2)C(O)C(O)C1O,0,0.4646
spectraverse_pos_000023,7,CC(O)COC1C(OC2OC(C3COC(O)C3O)C(O)C(O)C2C)OC(COC(=O)C=Cc2ccc(O)c(O)c2)C(OC2OC(C)C(O)C(O)C2O)C1O.OCO,CC1OC(OCC2OC(OCCc3ccc(O)c(O)c3)C(O)C(OC3OC(C)C(O)C(O)C3O)C2OC(=O)C=Cc2ccc(O)c(O)c2)C(O)C(O)C1O,0,0.48
spectraverse_pos_000024,1,COC1C(OOC(=O)C=Cc2ccc(O)c(O)c2)OC(C(C)(C)c2ccc(O)c(C3C(O)OC(CO)C(O)C3O)c2O)C(O)C1OC1OC(C)C(O)C(O)C1O,CC1OC(OCC2OC(OCCc3ccc(O)c(O)c3)C(O)C(OC3OC(C)C(O)C(O)C3O)C2OC(=O)C=Cc2ccc(O)c(O)c2)C(O)C(O)C1O,0,0.4356
spectraverse_pos_000024,2,C=CC(=O)OC1(C=C2OC(CC3OC(OCCO)C(OC4OC(CO)C(O)C(O)C4O)C(O)C3O)CC(C)C(O)C2O)COC(=O)C(C)O1.C=Cc1ccc(O)cc1.OCO,CC1OC(OCC2OC(OCCc3ccc(O)c(O)c3)C(O)C(OC3OC(C)C(O)C(O)C3O)C2OC(=O)C=Cc2ccc(O)c(O)c2)C(O)C(O)C1O,0,0.2623
spectraverse_pos_000024,3,CC(C)CO.CC1(O)OCOC1OC1CCOC(CCO)C(O)C1O.CC1OC2Oc3cc(ccc3O)C=CC(=O)OC2C(O)C1O.OCC1OC(O)C(O)C(O)C1O,CC1OC(OCC2OC(OCCc3ccc(O)c(O)c3)C(O)C(OC3OC(C)C(O)C(O)C3O)C2OC(=O)C=Cc2ccc(O)c(O)c2)C(O)C(O)C1O,0,0.1875
spectraverse_pos_000024,4,CC1OC(CO)C(OC2OC(C(C)(O)c3ccc(O)c(O)c3)C(O)COCC2OC(=O)C=Cc2ccc(O)cc2)C(OC2OC(C(=O)O)C(O)C(O)C2O)C1O.O,CC1OC(OCC2OC(OCCc3ccc(O)c(O)c3)C(O)C(OC3OC(C)C(O)C(O)C3O)C2OC(=O)C=Cc2ccc(O)c(O)c2)C(O)C(O)C1O,0,0.3925
spectraverse_pos_000024,5,C=CC(=O)Oc1cc(C=Cc2ccc(O)cc2)ccc1O.CCCC1OC(O)C(OC2OC(CO)C(O)C(O)C2OC2CC(O)C(O)C(O)O2)C(C(C)O)C(O)C1O,CC1OC(OCC2OC(OCCc3ccc(O)c(O)c3)C(O)C(OC3OC(C)C(O)C(O)C3O)C2OC(=O)C=Cc2ccc(O)c(O)c2)C(O)C(O)C1O,0,0.2586
spectraverse_pos_000024,6,C=CC(=O)OC1C(O)OC(C(O)C2OC(OC3CC(O)C(O)C(C)O3)C(OCCO)C(O)C2O)C(O)C1O.COCOc1cc(C=Cc2ccc(O)cc2)ccc1O,CC1OC(OCC2OC(OCCc3ccc(O)c(O)c3)C(O)C(OC3OC(C)C(O)C(O)C3O)C2OC(=O)C=Cc2ccc(O)c(O)c2)C(O)C(O)C1O,0,0.2957
spectraverse_pos_000024,7,CC(=Cc1ccc(O)cc1)C(=O)OC1OC(OC2C(O)C(O)C(CO)OC2C2OC(OCCc3ccc(O)c(O)c3)C(OC(C)(C)C)C(C)C2O)C(O)C(O)C1O.O,CC1OC(OCC2OC(OCCc3ccc(O)c(O)c3)C(O)C(OC3OC(C)C(O)C(O)C3O)C2OC(=O)C=Cc2ccc(O)c(O)c2)C(O)C(O)C1O,0,0.4216
spectraverse_pos_000024,8,C=C(C)C(=O)O.CC1CC(O)C(C2OC(O)C(O)C(O)C2O)OC1=C(O)c1ccc(O)cc1.CC1OC(OCC2OC(OCCOCO)CC2O)C(O)C(O)C1O,CC1OC(OCC2OC(OCCc3ccc(O)c(O)c3)C(O)C(OC3OC(C)C(O)C(O)C3O)C2OC(=O)C=Cc2ccc(O)c(O)c2)C(O)C(O)C1O,0,0.2679
spectraverse_pos_000025,1,CC1OC(C2C(CO)OC(OCCO)C(O)C2O)C(OOC2OC(CC(O)c3ccc(O)cc3O)C(O)C(O)C2C)C(O)C1O.O.O=CC=Cc1ccc(O)c(O)c1,CC1OC(OCC2OC(OCCc3ccc(O)c(O)c3)C(O)C(OC3OC(C)C(O)C(O)C3O)C2OC(=O)C=Cc2ccc(O)c(O)c2)C(O)C(O)C1O,0,0.3455
spectraverse_pos_000025,2,CC(C)C1OC(O)C(OC(=O)C=Cc2ccc(O)c(O)c2)C(O)C1O.CC1C(O)C(O)C2CC3OC(OC1C(O)O2)C(O)C(O)C3O.OCc1ccc(O)cc1O,CC1OC(OCC2OC(OCCc3ccc(O)c(O)c3)C(O)C(OC3OC(C)C(O)C(O)C3O)C2OC(=O)C=Cc2ccc(O)c(O)c2)C(O)C(O)C1O,0,0.3429
spectraverse_pos_000025,3,CC1OC(C=CC(=O)O)C(C2C(OC3OC(O)C(O)C(O)C3C)OC3COC3C2O)C(O)C1O.O.OCCCC(O)c1ccc(O)c(O)c1.Oc1ccccc1,CC1OC(OCC2OC(OCCc3ccc(O)c(O)c3)C(O)C(OC3OC(C)C(O)C(O)C3O)C2OC(=O)C=Cc2ccc(O)c(O)c2)C(O)C(O)C1O,0,0.2373
spectraverse_pos_000025,4,CC(CC1=CC=C(O)C(O)C1O)C1OC2OC2C(O)C1O.CC1OC(OC2OC(COCCO)C(O)C(O)C2OC(=O)C=Cc2ccc(O)cc2)C(C)C(O)C1O,CC1OC(OCC2OC(OCCc3ccc(O)c(O)c3)C(O)C(OC3OC(C)C(O)C(O)C3O)C2OC(=O)C=Cc2ccc(O)c(O)c2)C(O)C(O)C1O,0,0.3393
spectraverse_pos_000025,5,CC1C2COC3OC(COC4OC(C(O)C=Cc5ccc(O)c(O)c5)C(OC(=O)Cc5ccc(O)c(O)c5)C(OC(O2)C(O)C1O)C(O)C4O)C(O)C(O)C3O,CC1OC(OCC2OC(OCCc3ccc(O)c(O)c3)C(O)C(OC3OC(C)C(O)C(O)C3O)C2OC(=O)C=Cc2ccc(O)c(O)c2)C(O)C(O)C1O,0,0.3204
spectraverse_pos_000025,6,CC(O)COC1OC(OC2C(O)C(O)OC3COC32)C(O)C(O)C1O.CC1C(O)C(O)COC(OC(=O)C=Cc2ccc(O)c(O)c2)C1c1cc(CO)ccc1O,CC1OC(OCC2OC(OCCc3ccc(O)c(O)c3)C(O)C(OC3OC(C)C(O)C(O)C3O)C2OC(=O)C=Cc2ccc(O)c(O)c2)C(O)C(O)C1O,0,0.4112
spectraverse_pos_000025,7,C=Cc1ccc(O)c(C(C)COC)c1.CC1OC(OC2OC(CO)C(O)C(O)C(O)C2C)C(O)C1O.O=C1C=Cc2ccc(O)c(c2)C2OC(CO1)C(O)C(O)C2O,CC1OC(OCC2OC(OCCc3ccc(O)c(O)c3)C(O)C(OC3OC(C)C(O)C(O)C3O)C2OC(=O)C=Cc2ccc(O)c(O)c2)C(O)C(O)C1O,0,0.2931
spectraverse_pos_000026,1,C1COC1.N=C(O)C(=O)c1ocnc1OC(=Cc1ccc(O)c(O)c1)C(=O)c1ccc(N)cc1CC1OC1O.OCC1OC2OCC3OC(OC1C(O)C2O)C(O)C(O)C3O,CC1OC(OCC2OC(Oc3c(-c4ccc(O)cc4)oc4cc(OC5OC(C)C(O)C(O)C5O)cc(O)c4c3=O)C(O)C(O)C2OC(=O)C=Cc2ccc(O)cc2)C(O)C(O)C1O,0,0.1528
spectraverse_pos_000026,2,C=CC(=O)C1C=C(O)C(Cc2nc3c(n2C(=O)O)NCO3)C(CO)C1OC1OC(C)C(O)C(O)C1O.OC(CCc1ccc(O)c(O)c1)=C1C=Cc2ccc(O)cc2OCO1,CC1OC(OCC2OC(Oc3c(-c4ccc(O)cc4)oc4cc(OC5OC(C)C(O)C(O)C5O)cc(O)c4c3=O)C(O)C(O)C2OC(=O)C=Cc2ccc(O)cc2)C(O)C(O)C1O,0,0.2
spectraverse_pos_000026,3,CCC1=Cc2ccc(c(OCO)c2)C(C2=NC(=O)C(O)C(O)OC2c2ncc(C3OC(CO)C(O)C(O)C3O)o2)CC(C(=O)OC(CO)c2ccc(O)c(O)c2)CO1.CO,CC1OC(OCC2OC(Oc3c(-c4ccc(O)cc4)oc4cc(OC5OC(C)C(O)C(O)C5O)cc(O)c4c3=O)C(O)C(O)C2OC(=O)C=Cc2ccc(O)cc2)C(O)C(O)C1O,0,0.1382
spectraverse_pos_000026,4,NC(O)C(=O)O.O=C1OCc2cc3c(cc2O)C(O1)C(CO)=COC(Oc1nc2oc1CC(O)=NCCCC1OC(=Cc4ccc(O)c(CO)c4)C(O)C(O)C1OC2)C3=O,CC1OC(OCC2OC(Oc3c(-c4ccc(O)cc4)oc4cc(OC5OC(C)C(O)C(O)C5O)cc(O)c4c3=O)C(O)C(O)C2OC(=O)C=Cc2ccc(O)cc2)C(O)C(O)C1O,0,0.1456
spectraverse_pos_000026,5,CC1C(c2cnc(CCCO)o2)OC(Oc2ccc(C=CN)cc2O)C2OCOC13C=COC(=CC(c1ccc(O)c(O)c1)C2=O)O3.COC1OC(CO)C(O)C(O)C1O,CC1OC(OCC2OC(Oc3c(-c4ccc(O)cc4)oc4cc(OC5OC(C)C(O)C(O)C5O)cc(O)c4c3=O)C(O)C(O)C2OC(=O)C=Cc2ccc(O)cc2)C(O)C(O)C1O,0,0.2013
spectraverse_pos_000027,1,CC(N)=O.OCC1OC(OCc2cc(C=C3OC(OC4OCC=CC5OC(OC5=Cc5cc(O)cc(O)c5)C4c4ccon4)C(O)C(O)C3O)ccc2O)C(O)C(O)C1O,CC1OC(OCC2OC(Oc3c(-c4ccc(O)cc4)oc4cc(OC5OC(C)C(O)C(O)C5O)cc(O)c4c3=O)C(O)C(O)C2OC(=O)C=Cc2ccc(O)cc2)C(O)C(O)C1O,0,0.2164
spectraverse_pos_000027,2,CO.COc1ccc(O)c(O)c1.O=C1OC2CN3C=CC1=Cc1ccc(c(c1)OCO3)OCC1C(=O)C3CC(CO)NC(CO3)C1OC2=O.OCC1OC2OC2C(O)C1O,CC1OC(OCC2OC(Oc3c(-c4ccc(O)cc4)oc4cc(OC5OC(C)C(O)C(O)C5O)cc(O)c4c3=O)C(O)C(O)C2OC(=O)C=Cc2ccc(O)cc2)C(O)C(O)C1O,0,0.1447
spectraverse_pos_000027,3,CO.Cc1cnn(CCC=C(O)C(=N)O)c1.O=C1OC2=Cc3cc(ccc3O)OC2OC2=COC(c3ccc4c(c3)OCO4)C(O)C(O)CC12.OC1C2COC(O2)C(O)C1O,CC1OC(OCC2OC(Oc3c(-c4ccc(O)cc4)oc4cc(OC5OC(C)C(O)C(O)C5O)cc(O)c4c3=O)C(O)C(O)C2OC(=O)C=Cc2ccc(O)cc2)C(O)C(O)C1O,0,0.1429
spectraverse_pos_000028,1,CC(C)CCOC(C(=O)O)c1ccc(C(O)C2Oc3ccc(CC(C)O)cc3OC2C)cc1F,CC=C(C)C(=O)OC1C(OC(C)=O)c2c(ccc3ccc(=O)oc23)OC1(C)C,0,0.1368
spectraverse_pos_000028,2,CC(=O)C(O)c1ccc(F)cc1.CC(C)C(O)COc1ccc2c(c1)OCC1COP2(=O)C1,CC=C(C)C(=O)OC1C(OC(C)=O)c2c(ccc3ccc(=O)oc23)OC1(C)C,0,0.1263
spectraverse_pos_000029,1,COc1ccc(C(C=O)OC(OC(=O)C(C)C)C(O)c2ccc3c(c2)OCC(C)C(F)O3)cc1,CC=C(C)C(=O)OC1C(OC(C)=O)c2c(ccc3ccc(=O)oc23)OC1(C)C,0,0.1368
spectraverse_pos_000030,1,CC(C)C(=O)O.O=C1COc2ccc(cc2OOc2ccc(F)cc2)C(CO)c2c[nH]c1c2,CC=C(C)C(=O)OC1C(OC(C)=O)c2c(ccc3ccc(=O)oc23)OC1(C)C,0,0.1383
spectraverse_pos_000030,2,COCC(C)OC(=O)C(C)O.Oc1ccc(C2OC=CC(F)(CC3C4=CC=C3C=C4)O2)cc1,CC=C(C)C(=O)OC1C(OC(C)=O)c2c(ccc3ccc(=O)oc23)OC1(C)C,0,0.1277
spectraverse_pos_000030,3,CC1N=C(O)c2ccc3c(c2)OCC(CO3)C1C=O.COc1ccc(OC(F)C(=O)O)cc1,CC=C(C)C(=O)OC1C(OC(C)=O)c2c(ccc3ccc(=O)oc23)OC1(C)C,0,0.1556
spectraverse_pos_000031,1,CC(C)=CCOC1=CCC(=O)c2c(cc(O)c(C(C)O)c2O)C(=O)OCC(C(=O)O)C(=O)C1,CC=C(C)C(=O)OC(COc1c2occc2c(OC)c2ccc(=O)oc12)C(C)(C)O,0,0.1717
spectraverse_pos_000031,2,CC(=O)O.COCC=Cc1c(O)c2c(c(C=O)cc1=O)C(OC(=O)O)C1Oc3c-2ccc1c3O,CC=C(C)C(=O)OC(COc1c2occc2c(OC)c2ccc(=O)oc12)C(C)(C)O,0,0.1735
spectraverse_pos_000031,3,COOC1C(=O)C2=C(O)C2=C2C=C(C(C)=C1O)C(CC=C(C)C)C(=O)C(OCC(=O)O)C2,CC=C(C)C(=O)OC(COc1c2occc2c(OC)c2ccc(=O)oc12)C(C)(C)O,0,0.1176
spectraverse_pos_000032,1,COc1cc(O)c2c3c(c(C(O)C=C(C)C)cc(=O)c2c1O)COC(CC(=O)O)C3=O,CC=C(C)C(=O)OC(COc1c2occc2c(OC)c2ccc(=O)oc12)C(C)(C)O,0,0.1531
spectraverse_pos_000032,2,COc1cc2c(c(O)c1C=O)C(=O)CC=CC(O)C(CC(=O)O)OC2(OCC=C(C)C)C(=O)O,CC=C(C)C(=O)OC(COc1c2occc2c(OC)c2ccc(=O)oc12)C(C)(C)O,0,0.1485
spectraverse_pos_000032,3,CC(C)=CC(=O)OCC1=C(O)C2=C1C(CC(=O)O)=C(O)C(C)Oc1c(O)ccc(O)c1C2=O,CC=C(C)C(=O)OC(COc1c2occc2c(OC)c2ccc(=O)oc12)C(C)(C)O,0,0.1474
spectraverse_pos_000033,1,COC=Cc1c(O)cc2c(c(=O)c1O)C(=CC(=O)O)C(=O)C(CC(O)C=C(C)C)OC=C2,CC=C(C)C(=O)OC(COc1c2occc2c(OC)c2ccc(=O)oc12)C(C)(C)O,0,0.1386
spectraverse_pos_000033,2,COC1=Cc2c(C=C(O)C(=O)O)c(O)c3c(c2C1)C(=O)C(=CC(=O)O)C1(C3)OC1O,CC=C(C)C(=O)OC(COc1c2occc2c(OC)c2ccc(=O)oc12)C(C)(C)O,0,0.1327
spectraverse_pos_000033,3,CN(C)C(C(=O)O)C1C=C(O)CCc2c(O)cc3occ(C(CO)CC(=O)O)c(=O)c3c21,CC=C(C)C(=O)OC(COc1c2occc2c(OC)c2ccc(=O)oc12)C(C)(C)O,0,0.1176
spectraverse_pos_000033,4,COC1=C(O)Cc2c(O)c(CC(=O)O)c3c(c2C1CC(=O)O)C(=O)C(C(CO)=C(C)C)O3,CC=C(C)C(=O)OC(COc1c2occc2c(OC)c2ccc(=O)oc12)C(C)(C)O,0,0.134
spectraverse_pos_000033,5,COC1=Cc2c(cc(O)c(CC(=O)O)c2O)C(CC(=O)O)C(=O)OC(CCC=C(C)C)O1,CC=C(C)C(=O)OC(COc1c2occc2c(OC)c2ccc(=O)oc12)C(C)(C)O,0,0.1546
spectraverse_pos_000034,1,COc1cc(O)c2c(c1O)C(=O)C(C(=O)O)c1c(O)cc(C(=O)C=C(C)C)c(CC=O)c1O2,CC=C(C)C(=O)OC(COc1c2occc2c(OC)c2ccc(=O)oc12)C(C)(C)O,0,0.1429
spectraverse_pos_000035,1,COC(=O)c1c(O)cc2c(c1O)C(=O)OC(CC(=O)O)C2OC1=CC(C=COC(C)C)=C=CC=C1,CC=C(C)C(=O)OC(COc1c2occc2c(OC)c2ccc(=O)oc12)C(C)(C)O,0,0.1171
spectraverse_pos_000035,2,C=COCC(=O)O.COC=C(OCc1ccc(OC)c(C(=O)O)c1O)c1cccc(OC(C)=O)c1,CC=C(C)C(=O)OC(COc1c2occc2c(OC)c2ccc(=O)oc12)C(C)(C)O,0,0.1275
spectraverse_pos_000035,3,CC(=O)C1CC(C)C(CO)C(=O)O1.COc1c(O)cc2c(c1CCC=O)CC=C2OCC(=O)O,CC=C(C)C(=O)OC(COc1c2occc2c(OC)c2ccc(=O)oc12)C(C)(C)O,0,0.1845
spectraverse_pos_000035,4,COc1c(C(=O)O)cc2c(O)c1C=C(OCCC(=O)O)C1=C(C(C)=O)C(OC(C)=O)OC1C2,CC=C(C)C(=O)OC(COc1c2occc2c(OC)c2ccc(=O)oc12)C(C)(C)O,0,0.1515
spectraverse_pos_000035,5,COCC=CCc1c(OC)cc(O)c2c1C(=O)OC(c1cccc(C(=O)C(=O)O)c1)C2OC,CC=C(C)C(=O)OC(COc1c2occc2c(OC)c2ccc(=O)oc12)C(C)(C)O,0,0.1515
spectraverse_pos_000035,6,COC=Cc1c(O)ccc(CC(OCC(=O)O)OC2=CC(=C(C)C)C(=O)C(C(=O)OCO)=C2)c1O,CC=C(C)C(=O)OC(COc1c2occc2c(OC)c2ccc(=O)oc12)C(C)(C)O,0,0.1373
spectraverse_pos_000036,1,CO.O=C1C(=CCc2ccc(O)c(O)c2)CCC2C(COC3OCC(O)C(O)C3OC3OC(CO)C(O)C(O)C3O)=CC12COC1OC(CO)C(O)C(O)C1O,COc1cc(C2CC(=O)c3c(O)cc(OC4OC(COC(=O)CC(C)(O)CC(=O)O)C(O)C(O)C4OC4OC(C)C(O)C(O)C4O)cc3O2)ccc1O,0,0.2443
spectraverse_pos_000036,2,C=C1OC2CC=C(COC3OC(CO)C(O)C(O)C3OC3OC(CO)C(O)C(O)C3C)C2=CC1OC1OC(CO)C(O)C(O)C1O.C=CCc1ccc(O)c(O)c1,COc1cc(C2CC(=O)c3c(O)cc(OC4OC(COC(=O)CC(C)(O)CC(=O)O)C(O)C(O)C4OC4OC(C)C(O)C(O)C4O)cc3O2)ccc1O,0,0.2778
spectraverse_pos_000036,3,O=C1C=CC2C(=O)C(OC3OC(CO)C4OC5OC(CC3C4O)C(O)C(O)C5O)CCC=C12.OCC1OCC(O)C(O)C1O.OCOC(CO)Cc1ccc(O)cc1,COc1cc(C2CC(=O)c3c(O)cc(OC4OC(COC(=O)CC(C)(O)CC(=O)O)C(O)C(O)C4OC4OC(C)C(O)C(O)C4O)cc3O2)ccc1O,0,0.1486
spectraverse_pos_000036,4,C=C1C(OC2OC(CO)C(Cc3ccc4c(c3)OCO4)C(O)C2OC2CC(CO)C(O)C(O)C2O)C(OC2OC(CO)C(O)C(O)C2O)C=C2C(=O)C=CCC12CO,COc1cc(C2CC(=O)c3c(O)cc(OC4OC(COC(=O)CC(C)(O)CC(=O)O)C(O)C(O)C4OC4OC(C)C(O)C(O)C4O)cc3O2)ccc1O,0,0.1818
spectraverse_pos_000036,5,C=C1C(C(=O)Cc2ccc(O)cc2)CC=C2C(OC3OC(CO)C(O)C(O)C3O)CCC(C)OC12.CO.OCC1OC(OC2OC(CO)C(O)C(O)C2O)C(O)C(O)C1O,COc1cc(C2CC(=O)c3c(O)cc(OC4OC(COC(=O)CC(C)(O)CC(=O)O)C(O)C(O)C4OC4OC(C)C(O)C(O)C4O)cc3O2)ccc1O,0,0.2131
spectraverse_pos_000036,6,CC1OC(OC2C(CO)=CCC3C(=O)C(CC(Cc4ccc(O)c(O)c4)OC4OC(CO)C(O)C(O)C4OC4OC(CO)C(O)C(O)C4O)C=C32)C(O)C(O)C1O.CO,COc1cc(C2CC(=O)c3c(O)cc(OC4OC(COC(=O)CC(C)(O)CC(=O)O)C(O)C(O)C4OC4OC(C)C(O)C(O)C4O)cc3O2)ccc1O,0,0.296
spectraverse_pos_000037,1,O=C1c2cc(CO)c3cc2OCC13.OC1=CCOc2cc(O)ccc21.OCc1cccc(O)c1O,O=c1c(OC2OC(CO)C(O)C2O)c(-c2ccc(O)cc2)oc2cc(O)cc(O)c12,0,0.1839
spectraverse_pos_000037,2,O=C1c2c(cc(OC3OOc4cc(O)c(O)cc4C3=O)cc2-c2ccc(O)c(O)c2)OCC1CO,O=c1c(OC2OC(CO)C(O)C2O)c(-c2ccc(O)cc2)oc2cc(O)cc(O)c12,0,0.2209
spectraverse_pos_000038,1,O=c1cc(C=COCCc2cc(O)cc(O)c2)c(C2OC(O)C(O)C(O)C2O)nc(O)c1O,COc1cc(C=CC(=O)OC(C(=O)O)C(O)(Cc2ccc(O)c(O)c2)C(=O)O)ccc1O,0,0.117
spectraverse_pos_000038,2,O=C(O)c1ccc(C2=CC(OC3OC(Cc4cc(O)cc(O)c4)C(O)C(O)C3O)OC2)cc1O,COc1cc(C=CC(=O)OC(C(=O)O)C(O)(Cc2ccc(O)c(O)c2)C(=O)O)ccc1O,0,0.1613
spectraverse_pos_000038,3,COC=C1OC2(OC(Oc3cc(O)c(O)c(C(=O)O)c3)C(O)C(O)C2O)C(CO)OC=CC=C1O,COc1cc(C=CC(=O)OC(C(=O)O)C(O)(Cc2ccc(O)c(O)c2)C(=O)O)ccc1O,0,0.1373
spectraverse_pos_000038,4,CC1=C(OCCO)C(O)=CC(C(=O)O)=CC(OC2CCOC(Oc3cc(O)c(O)c(O)c3)C2O)=C1,COc1cc(C=CC(=O)OC(C(=O)O)C(O)(Cc2ccc(O)c(O)c2)C(=O)O)ccc1O,0,0.1212
spectraverse_pos_000038,5,CCCOC1COC(OC(=O)c2ccc(C(=O)O)c(C)c2)C(c2cc(O)c(O)c(O)c2)C1O,COc1cc(C=CC(=O)OC(C(=O)O)C(O)(Cc2ccc(O)c(O)c2)C(=O)O)ccc1O,0,0.1613
spectraverse_pos_000038,6,CC1OC(OC=C2COc3ccc(C(=O)O)cc3COC2c2cc(O)c(O)c(O)c2)C(O)C(O)C1O,COc1cc(C=CC(=O)OC(C(=O)O)C(O)(Cc2ccc(O)c(O)c2)C(=O)O)ccc1O,0,0.1327
spectraverse_pos_000038,7,OCCC1OC(OC2=CC(Oc3cc(O)c(O)cc3O)Oc3cc(O)c(O)cc32)C(O)C(O)C1O,COc1cc(C=CC(=O)OC(C(=O)O)C(O)(Cc2ccc(O)c(O)c2)C(=O)O)ccc1O,0,0.1348
spectraverse_pos_000039,1,CC(C)(C)OC1OC(CC2C(=O)C(OC3OC(CO)C(O)C(O)C3O)=CCC2(C)O)C(O)C(O)C1O.O=C1Oc2cc(O)cc1c2,CC(C)=CC1(O)C(=O)C(C)(C)C(=O)C(C)(C)C1OC1OC(COC(=O)c2cc(O)c(O)c(O)c2)C(O)C(O)C1O,0,0.24
spectraverse_pos_000039,2,CC1OC(Oc2cc(C(=O)C3CC(O)C(=O)C(O)C3(C)C)cc(C(C)(C)O)c2)C(O)C(O)C1O.OC=Cc1cc(O)c(O)c(O)c1,CC(C)=CC1(O)C(=O)C(C)(C)C(=O)C(C)(C)C1OC1OC(COC(=O)c2cc(O)c(O)c(O)c2)C(O)C(O)C1O,0,0.2727
spectraverse_pos_000039,3,CCC1C(=O)C(O)C(Oc2cc(O)cc(OC3OC(C(C)(C)O)C(O)C(O)C3O)c2)OC1(C)COC(=O)c1ccc(O)c(O)c1,CC(C)=CC1(O)C(=O)C(C)(C)C(=O)C(C)(C)C1OC1OC(COC(=O)c2cc(O)c(O)c(O)c2)C(O)C(O)C1O,0,0.2917
spectraverse_pos_000039,4,COCC1CC(OC2OC(c3ccc(O)c(C(C)(C)O)c3)C(O)C(O)C2O)C(O)=C1C(C)=O.O=C1Oc2cc1cc(O)c2O,CC(C)=CC1(O)C(=O)C(C)(C)C(=O)C(C)(C)C1OC1OC(COC(=O)c2cc(O)c(O)c(O)c2)C(O)C(O)C1O,0,0.28
spectraverse_pos_000039,5,CC(=O)c1cc(O)c(O)c(O)c1.CC(C)(C)OC1C(=O)C(COc2cccc(OC3OC(CO)C(O)C(O)C3O)c2)CC1(C)O,CC(C)=CC1(O)C(=O)C(C)(C)C(=O)C(C)(C)C1OC1OC(COC(=O)c2cc(O)c(O)c(O)c2)C(O)C(O)C1O,0,0.3656
spectraverse_pos_000039,6,CC1OC(OC2C(=O)C(COc3ccccc3O)C(C(C)(C)O)C(O)C2O)C(O)C(O)C1O.COC(=O)c1cc(O)cc(O)c1,CC(C)=CC1(O)C(=O)C(C)(C)C(=O)C(C)(C)C1OC1OC(COC(=O)c2cc(O)c(O)c(O)c2)C(O)C(O)C1O,0,0.268
spectraverse_pos_000039,7,COC1=CC(C(C)(C)O)C(C)C1=O.O=C1OCC2OC(OC3C(Oc4cc(O)cc1c4)OC(CO)C(O)C3O)C(O)C(O)C2O,CC(C)=CC1(O)C(=O)C(C)(C)C(=O)C(C)(C)C1OC1OC(COC(=O)c2cc(O)c(O)c(O)c2)C(O)C(O)C1O,0,0.1852
spectraverse_pos_000040,1,COC1OC(OC(=O)c2cc(O)c(O)c(O)c2)C(CC2CC(C)(C)C(O)=C2C(C)=O)C(O)C1O.OCC1OC2OC2C(O)C1O,CC(C)=CC1(O)C(=O)C(C)(C)C(=O)C(C)(C)C1OC1OC(COC(=O)c2cc(O)c(O)c(O)c2)C(O)C(O)C1O,0,0.3478
spectraverse_pos_000040,2,CC1C(=O)C(OC(=O)c2c(C(C)(C)C)ccnc2OC2OC(CO)C(O)C(O)C2O)C(O)=C1O.COc1cc(C)cc(O)c1O,CC(C)=CC1(O)C(=O)C(C)(C)C(=O)C(C)(C)C1OC1OC(COC(=O)c2cc(O)c(O)c(O)c2)C(O)C(O)C1O,0,0.25
spectraverse_pos_000040,3,CC1=CC2OC3OC(C(O)C(O)C3O)C3OC(OC1C(=O)C2C(C)(C)C)C(O)C(O)C3O.O=C(OCCO)c1cc(O)cc(O)c1,CC(C)=CC1(O)C(=O)C(C)(C)C(=O)C(C)(C)C1OC1OC(COC(=O)c2cc(O)c(O)c(O)c2)C(O)C(O)C1O,0,0.2366
spectraverse_pos_000040,4,CC1OC(Cc2cc(O)c(OC(=O)c3cc(O)cc(O)c3)c(OC3OC(CO)C(C)(O)C(O)C3O)c2)C(=O)C(OC(C)(C)C)C1O,CC(C)=CC1(O)C(=O)C(C)(C)C(=O)C(C)(C)C1OC1OC(COC(=O)c2cc(O)c(O)c(O)c2)C(O)C(O)C1O,0,0.2308
spectraverse_pos_000040,5,CC(=O)C1(C2OC3OC3C(O)C2(O)O)C(=O)C(O)=C1C.CC(C)O.Oc1cc2cc(c1)OC1OC(COC2)C(O)C(O)C1O,CC(C)=CC1(O)C(=O)C(C)(C)C(=O)C(C)(C)C1OC1OC(COC(=O)c2cc(O)c(O)c(O)c2)C(O)C(O)C1O,0,0.1827
spectraverse_pos_000040,6,C=Cc1cc(O)cc(OC2C(=O)C(C(C)(C)O)C(OC(=O)c3ccc(O)c(O)c3)CC2C)c1.COC1OC(CO)C(O)C(O)C1O,CC(C)=CC1(O)C(=O)C(C)(C)C(=O)C(C)(C)C1OC1OC(COC(=O)c2cc(O)c(O)c(O)c2)C(O)C(O)C1O,0,0.2788
spectraverse_pos_000040,7,CC(C)(C=O)C1C(=O)CC(c2cc(O)c(O)c(OC3OC(CO)C(O)C(O)C3O)c2)C1(C)O.COc1cc(O)cc(C(C)=O)c1,CC(C)=CC1(O)C(=O)C(C)(C)C(=O)C(C)(C)C1OC1OC(COC(=O)c2cc(O)c(O)c(O)c2)C(O)C(O)C1O,0,0.3402
spectraverse_pos_000041,1,O=C(OC1OC(Oc2c(Cc3ccc(O)c(O)c3)cc(O)c(O)c2O)C=C(c2cccc(O)c2)OC(CO)C1O)C1C(=O)c2ccc(O)cc2C1O,O=C(OCC1OC(Oc2c(-c3ccc(O)cc3)oc3cc(O)cc(O)c3c2=O)C(O)C(O)C1O)c1cc(O)c(O)c(O)c1,0,0.2281
spectraverse_pos_000041,2,O=C1OC(c2ccc(OC3OC(CO)C(O)C3O)c(O)c2)OS(=O)(=O)C1c1ccc(O)c(O)c1.O=C1Oc2c(O)cc(O)cc2CC1CO,O=C(OCC1OC(Oc2c(-c3ccc(O)cc3)oc3cc(O)cc(O)c3c2=O)C(O)C(O)C1O)c1cc(O)c(O)c(O)c1,0,0.2476
spectraverse_pos_000042,1,CC(=O)C(C)=CCc1c(C)ccc(C=CC(=O)Oc2ccc3c(c2)OCO3)c1O,COc1cc2c(c3c1C(=O)CC(c1ccccc1)O3)C=CC(C)(C)O2,0,0.1087
spectraverse_pos_000042,2,C#CCOC1C(C)C=C(Oc2coc3ccccc23)C(=O)C=C2C=CC(=C2)C1COC,COc1cc2c(c3c1C(=O)CC(c1ccccc1)O3)C=CC(C)(C)O2,0,0.1443
spectraverse_pos_000043,1,C=CCC1=C(O)C(C(=O)c2ccc3c(c2)OCO3)=CC(OCCC#N)=CC=C1C,COc1cc2c(c3c1C(=O)CC(c1ccccc1)O3)C=CC(C)(C)O2,0,0.1
spectraverse_pos_000043,2,Cc1cc(OC=O)c(F)cc1C=CCCOc1ccc2c(c1)OCO2.O=c1cc1,COc1cc2c(c3c1C(=O)CC(c1ccccc1)O3)C=CC(C)(C)O2,0,0.1461
spectraverse_pos_000043,3,Cc1c(OC(=CC(C)C=CC=O)C(=O)c2ccc3c(c2)OCO3)ccn1C#N,COc1cc2c(c3c1C(=O)CC(c1ccccc1)O3)C=CC(C)(C)O2,0,0.1263
spectraverse_pos_000044,1,CC1=C(OC(C)C)C(=O)c2cc(-c3ccccc3)oc2CC1COc1ccccc1,CC12CCC3C1C(c1c(cc(O)c(C(=O)c4ccccc4)c1O)O2)C3(C)C,0,0.1429
spectraverse_pos_000044,2,CC(C)=C1CCC(Oc2ccccc2)C(c2ccccc2)C(OC(C)C)C(=O)O1,CC12CCC3C1C(c1c(cc(O)c(C(=O)c4ccccc4)c1O)O2)C3(C)C,0,0.1605
spectraverse_pos_000045,1,CC(C)OC1=C(C(C)C)Cc2oc(-c3ccccc3)cc2C1=O.Oc1ccccc1,CC12CCC3C1C(c1c(cc(O)c(C(=O)c4ccccc4)c1O)O2)C3(C)C,0,0.1625
spectraverse_pos_000045,2,CC1=C(c2ccccc2OC(C)(C)C)C(=O)c2ccncc2C1Cc1ccccc1,CC12CCC3C1C(c1c(cc(O)c(C(=O)c4ccccc4)c1O)O2)C3(C)C,0,0.1023
spectraverse_pos_000045,3,CC(C)OC1c2cc(=O)cc(-c3ccccc3)cc2OC1(C)C=Cc1ccccc1,CC12CCC3C1C(c1c(cc(O)c(C(=O)c4ccccc4)c1O)O2)C3(C)C,0,0.1852
spectraverse_pos_000046,1,COc1cc(CC(C=O)Oc2ccc(C)cc2)cc(C(=O)C(C)Oc2ccc3c(c2)OCO3)c1,C=C(C)C1Cc2c(ccc3c2OC2C(O)Oc4cc(OC)c(OC)cc4C2C3=O)O1,0,0.1702
spectraverse_pos_000046,2,CC(C)c1c[nH]c(=O)o1.COc1cc(C(=O)c2ccc(F)cc2)cc(OCCOC(C)C)c1O,C=C(C)C1Cc2c(ccc3c2OC2C(O)Oc4cc(OC)c(OC)cc4C2C3=O)O1,0,0.1458
spectraverse_pos_000046,3,COc1cc(CC#COCOC(=O)C(C)C)cc(Cc2ccc3c(c2)OCO3)c1OCC(=O)O,C=C(C)C1Cc2c(ccc3c2OC2C(O)Oc4cc(OC)c(OC)cc4C2C3=O)O1,0,0.1735
spectraverse_pos_000046,4,C=C(C)C.COc1cc(CC=O)cc2c1OCC(=O)C(c1ccc3c(c1)OCO3)CCO2,C=C(C)C1Cc2c(ccc3c2OC2C(O)Oc4cc(OC)c(OC)cc4C2C3=O)O1,0,0.2584
spectraverse_pos_000046,5,COc1cc(C(=O)C=O)cc(OCC(c2ccccc2)c2ccc3c(c2)OCO3)c1OC(C)C,C=C(C)C1Cc2c(ccc3c2OC2C(O)Oc4cc(OC)c(OC)cc4C2C3=O)O1,0,0.1684
spectraverse_pos_000047,1,COc1cc(C(C)COO)cc(CC=CC(=O)c2ccoc2)c1OCC(=O)c1ccc(O)cc1,C=C(C)C1Cc2c(ccc3c2OC2C(O)Oc4cc(OC)c(OC)cc4C2C3=O)O1,0,0.1262
spectraverse_pos_000047,2,CCc1cc(CC(C)C)c(O)c(OC)n1.O=CC(=O)OCC(=O)c1ccc2c(c1)OCO2,C=C(C)C1Cc2c(ccc3c2OC2C(O)Oc4cc(OC)c(OC)cc4C2C3=O)O1,0,0.14
spectraverse_pos_000047,3,COc1nc(C(C)c2ccc(O)cc2)cc(C(=O)COc2ccc3c(c2)OCO3)c1OCC=O,C=C(C)C1Cc2c(ccc3c2OC2C(O)Oc4cc(OC)c(OC)cc4C2C3=O)O1,0,0.1359
spectraverse_pos_000047,4,COc1nc(Cc2ccc(F)cc2)cc(OC(CC(C)C)C(=O)c2ccc3c(c2)OCO3)c1O,C=C(C)C1Cc2c(ccc3c2OC2C(O)Oc4cc(OC)c(OC)cc4C2C3=O)O1,0,0.1616
spectraverse_pos_000048,1,COc1nc(C(C)C(=O)c2ccoc2)cc(OCC=Cc2ccc(O)c(O)c2)c1OCC(C)C,C=C(C)C1Cc2c(ccc3c2OC2C(O)Oc4cc(OC)c(OC)cc4C2C3=O)O1,0,0.1143
spectraverse_pos_000048,2,COc1cc(C(=O)c2ccc3c(c2)OCO3)cc(OCC(O)c2c[nH]c(=O)o2)c1OCC(C)C,C=C(C)C1Cc2c(ccc3c2OC2C(O)Oc4cc(OC)c(OC)cc4C2C3=O)O1,0,0.1753
spectraverse_pos_000048,3,COc1cc(C(C)COc2ccc(C)cc2)cc(CC=O)c1OCC(=O)c1ccc2c(c1)OCO2,C=C(C)C1Cc2c(ccc3c2OC2C(O)Oc4cc(OC)c(OC)cc4C2C3=O)O1,0,0.1616
spectraverse_pos_000048,4,COc1cc(OCC(O)C2OC(c3ccc(F)cc3)OC2=O)cc(C(C=O)COCC(C)C)c1,C=C(C)C1Cc2c(ccc3c2OC2C(O)Oc4cc(OC)c(OC)cc4C2C3=O)O1,0,0.14
spectraverse_pos_000048,5,CC=O.COc1nc(C(=O)COc2ccc3c(c2)OCO3)cc(OC(C)c2c[nH]c(C)c2)c1O,C=C(C)C1Cc2c(ccc3c2OC2C(O)Oc4cc(OC)c(OC)cc4C2C3=O)O1,0,0.1456
spectraverse_pos_000049,1,COc1nc(C(C)C(=O)c2ccc3c(c2)OCO3)cc(OCC(C)Oc2cc[nH]c(=O)c2)c1O,C=C(C)C1Cc2c(ccc3c2OC2C(O)Oc4cc(OC)c(OC)cc4C2C3=O)O1,0,0.1553
spectraverse_pos_000049,2,COc1nc(CCOC(C)c2c[nH]c(C)c2)cc(OC(=O)Cc2ccc3c(c2)OCO3)c1O,C=C(C)C1Cc2c(ccc3c2OC2C(O)Oc4cc(OC)c(OC)cc4C2C3=O)O1,0,0.1442
spectraverse_pos_000050,1,COc1nc(C(C)c2ccc3c(c2)OCO3)cc(OCC(O)c2ccccc2)c1OCC(=O)O,C=C(C)C1Cc2c(ccc3c2OC2C(O)Oc4cc(OC)c(OC)cc4C2C3=O)O1,0,0.1515
spectraverse_pos_000050,2,COc1cc(C(=O)C2=CC(O)(O)C=C2)cc(OCC(O)c2c[nH]c(C)c2)c1OCC(C)C,C=C(C)C1Cc2c(ccc3c2OC2C(O)Oc4cc(OC)c(OC)cc4C2C3=O)O1,0,0.1134
spectraverse_pos_000050,3,C=CC(=O)Oc1cc(Cc2ccc(C)cc2)nc(OC)c1OCC(=O)c1ccc(O)c(O)c1,C=C(C)C1Cc2c(ccc3c2OC2C(O)Oc4cc(OC)c(OC)cc4C2C3=O)O1,0,0.12
spectraverse_pos_000050,4,CC(C=O)Oc1ccc(F)cc1.CC1C(=O)c2ccc1o2.COc1cc2cc(c1O)OCCC2,C=C(C)C1Cc2c(ccc3c2OC2C(O)Oc4cc(OC)c(OC)cc4C2C3=O)O1,0,0.1919
spectraverse_pos_000050,5,COc1nc(CC(C)c2ccc3c(c2)OCO3)cc(OCc2cc[nH]c(=O)c2)c1OC(=O)C=O,C=C(C)C1Cc2c(ccc3c2OC2C(O)Oc4cc(OC)c(OC)cc4C2C3=O)O1,0,0.1495
spectraverse_pos_000050,6,COc1cc(CC(C)OCC=C(C)c2ccc3c(c2)OCO3)cc(OC(=O)C(C)CO)c1O,C=C(C)C1Cc2c(ccc3c2OC2C(O)Oc4cc(OC)c(OC)cc4C2C3=O)O1,0,0.1856
spectraverse_pos_000051,1,CCC(C(=O)c1ccc2c(c1)OCO2)c1cc(OC)c(O)c(OCCOC(C)C)c1.O=CCO,C=C(C)C1Cc2c(ccc3c2OC2COc4cc(OC)c(OC)cc4C2(O)C3=O)O1,0,0.1735
spectraverse_pos_000051,2,COc1cc(C(=O)COCC(Cc2c[nH]c(=O)o2)c2ccc(O)c(C)c2)cc(CCO)c1O,C=C(C)C1Cc2c(ccc3c2OC2COc4cc(OC)c(OC)cc4C2(O)C3=O)O1,0,0.1308
spectraverse_pos_000051,3,COc1nc(CC=O)cc(OCC(=O)c2ccc(C)cc2)c1O.O=c1cc(C2COC2)cc[nH]1,C=C(C)C1Cc2c(ccc3c2OC2COc4cc(OC)c(OC)cc4C2(O)C3=O)O1,0,0.1509
spectraverse_pos_000051,4,COc1cc(C(=O)C=CO)cc(OC)c1OCC(C)C.O=c1cc(-c2ccc(O)cc2)cc[nH]1,C=C(C)C1Cc2c(ccc3c2OC2COc4cc(OC)c(OC)cc4C2(O)C3=O)O1,0,0.1458
spectraverse_pos_000052,1,C=C1Oc2c3c(CC(CC(O)C=CC(C)(C)O)CC(C)(O)OC)c(c(COC)c21)OC(=O)O3,COc1cc2c(c(OC)c1OC)-c1c(cc(OC)c(OC)c1OC)CC(C)(O)C(C)C2,0,0.0698
spectraverse_pos_000052,2,C=C1C(=O)Oc2c(C)c3c(c(OC(C)=O)c21)OC(C)C(CCOC)C3.CC=C(O)CC(C)(C)O,COc1cc2c(c(OC)c1OC)-c1c(cc(OC)c(OC)c1OC)CC(C)(O)C(C)C2,0,0.1379
spectraverse_pos_000053,1,C=C1Oc2c(C)c3c(c(COCCC(O)C=O)c21)C(=O)C(=CC(C)(C)O)C(CC(C)O)O3.CO,COc1cc2c(c(OC)c1OC)-c1c(cc(OC)c(OC)c1OC)CC(C)(O)C(C)C2,0,0.0652
spectraverse_pos_000053,2,CCC(O)COC1CC(C)(O)OC(=O)c2cc(CC=COC(C)(C)O)c3cc(OC)cc1c3c2C,COc1cc2c(c(OC)c1OC)-c1c(cc(OC)c(OC)c1OC)CC(C)(O)C(C)C2,0,0.1522
spectraverse_pos_000053,3,C=C1Oc2c(CC(O)C#CC(C)(O)O)c3c(c(COCC(C)(C)C=O)c21)C(=O)OCC(C)C(OC)C3,COc1cc2c(c(OC)c1OC)-c1c(cc(OC)c(OC)c1OC)CC(C)(O)C(C)C2,0,0.1053
spectraverse_pos_000053,4,C=C1C=c2c(OCC#CC(C)C=CC(C)(C)O)c3c(c(COC)c2=C(O)O1)CCOC(C)(O)C3=O,COc1cc2c(c(OC)c1OC)-c1c(cc(OC)c(OC)c1OC)CC(C)(O)C(C)C2,0,0.1368
spectraverse_pos_000054,1,C=C1C(C)=C2C(C(C=O)OC(C)=O)=CC3=C(OC(C)(O)C3)C(COC(=O)C=CC(C)(C)O)=C12,COc1cc2c(c(OC)c1OC)-c1c(cc(OC)c(OC)c1OC)CC(C)(O)C(C)C2,0,0.125
spectraverse_pos_000054,2,C=C1C(C)=C(CC(=O)O)C2=CC3=CC(=C1C(=O)C(C)(O)CC(C(C)CC(C=O)OC(C)(C)C)O3)CO2,COc1cc2c(c(OC)c1OC)-c1c(cc(OC)c(OC)c1OC)CC(C)(O)C(C)C2,0,0.1042
spectraverse_pos_000055,1,C=C1OC(COC(=O)CC(C)(C)O)=C(C)C2=C3C(CC(O)OC(C)=O)=C1CC3(C)C(=O)OCC2,COc1cc2c(c(OC)c1OC)-c1c(cc(OC)c(OC)c1OC)CC(C)(O)C(C)C2,0,0.0978
spectraverse_pos_000056,1,C=C1CC(C)Cc2c(OCC(O)CC(=O)O)c3c(c(C(C)(C)O)c21)OC(C)(O)C(OC(C)=O)C3,COc1cc2c(c(OC)c1OC)-c1c(cc(OC)c(OC)c1OC)CC(C)(O)C(C)C2,0,0.1647
spectraverse_pos_000056,2,C=C1C(=O)C(C)Oc2c1c1c3c(c2-1)CC(C)(C)O3.CCC=CC(C)(O)OC.O=C1CC(O)CO1,COc1cc2c(c(OC)c1OC)-c1c(cc(OC)c(OC)c1OC)CC(C)(O)C(C)C2,0,0.1512
spectraverse_pos_000056,3,C=Cc1c2c3c(OC(O)(COC)C(=O)O)c(c1-3)OC(C)(C)C2.CC(C)(O)C=CCC(O)CCO,COc1cc2c(c(OC)c1OC)-c1c(cc(OC)c(OC)c1OC)CC(C)(O)C(C)C2,0,0.1264
spectraverse_pos_000057,1,COC1=C(C(=O)c2cc(O)c(O)c(O)c2)C=COC(N=C(O)CCCOC2C(CO)OC(O)C(O)C2O)=C1,COc1c(OC2OC(C(=O)O)C(O)C(O)C2O)cc2oc(-c3ccc(O)cc3)cc(=O)c2c1O,0,0.1863
spectraverse_pos_000057,2,O=C(Cc1cc(=O)c(C=CO)c(OC2OC(CO)C(O)C(O)C2O)o1)c1cc(F)c(O)c(O)c1O,COc1c(OC2OC(C(=O)O)C(O)C(O)C2O)cc2oc(-c3ccc(O)cc3)cc(=O)c2c1O,0,0.2609
spectraverse_pos_000057,3,O=C(C=CCc1c(O)oc(OC2OC(CO)C(O)C(O)C2O)cc1=O)Cc1cc(O)c(O)cc1O,COc1c(OC2OC(C(=O)O)C(O)C(O)C2O)cc2oc(-c3ccc(O)cc3)cc(=O)c2c1O,0,0.2614
spectraverse_pos_000057,4,CC(=O)c1cc(N=C(O)CCc2cc(O)c(O)c(F)c2)cc(O)c1OC1OC(CO)C(O)C(O)C1O,COc1c(OC2OC(C(=O)O)C(O)C(O)C2O)cc2oc(-c3ccc(O)cc3)cc(=O)c2c1O,0,0.2581
spectraverse_pos_000057,5,CC1OC(C(=O)c2cc(O)c(O)c(O)c2)C(O)C(O)C1O.O=C1CC=C(Oc2ccc(CO)nc2)C1,COc1c(OC2OC(C(=O)O)C(O)C(O)C2O)cc2oc(-c3ccc(O)cc3)cc(=O)c2c1O,0,0.25
spectraverse_pos_000058,1,COC1=CC(O)=C(C2OC(CO)C(O)C(O)C2O)OC1=CC(=O)CCCc1cc(O)c(O)c(O)c1,COc1c(OC2OC(C(=O)O)C(O)C(O)C2O)cc2oc(-c3ccc(O)cc3)cc(=O)c2c1O,0,0.2258
spectraverse_pos_000058,2,COc1cc(N=CCCOC2OC(CO)C(O)C(O)C2O)ccc1C(=O)C(=O)c1cc(O)c(O)c(O)c1,COc1c(OC2OC(C(=O)O)C(O)C(O)C2O)cc2oc(-c3ccc(O)cc3)cc(=O)c2c1O,0,0.2609
spectraverse_pos_000058,3,COC=Cc1cn(C2CC(Oc3cc(O)c(O)c(F)c3)C(O)C(O)C2O)c2c(=O)ccc(=O)oc12,COc1c(OC2OC(C(=O)O)C(O)C(O)C2O)cc2oc(-c3ccc(O)cc3)cc(=O)c2c1O,0,0.2371
spectraverse_pos_000058,4,COc1cc(C=COC2OC(CO)C(O)C(O)C2O)cc(O)c1C(=O)Cc1cc(O)c(O)c(O)c1,COc1c(OC2OC(C(=O)O)C(O)C(O)C2O)cc2oc(-c3ccc(O)cc3)cc(=O)c2c1O,0,0.2584
spectraverse_pos_000059,1,Cc1nccc2c1C(c1ccc(CCn3c(=O)cnn(C)c3=O)o1)CC2,O=C1NC(Cc2c[nH]c3ccccc23)C(=O)NC1Cc1ccccc1,0,0.0864
spectraverse_pos_000059,2,CC1C(=O)C=CN(Cc2ccc(C3CCO3)cc2)C(=O)N=C2COC1O2,O=C1NC(Cc2c[nH]c3ccccc23)C(=O)NC1Cc1ccccc1,0,0.1184
spectraverse_pos_000060,1,CC1=C(CCC#N)C2C(=Cc3ccccc31)C(CC(=O)O)=CC(OCC(C)C)C2O,CC(C)=CCc1c(O)cc2oc3cc(O)c(O)c(C=CC(C)C)c3c(=O)c2c1O,0,0.1277
spectraverse_pos_000060,2,Cc1cc(CC(=O)O)c(C2OC2=O)c(OCC(=CCOCC(C)C)c2ccccc2)c1,CC(C)=CCc1c(O)cc2oc3cc(O)c(O)c(C=CC(C)C)c3c(=O)c2c1O,0,0.1818
spectraverse_pos_000060,3,C=C(C)Oc1cc(O)cc(C2OC(=O)C(C)C(CC(C)C)C=C2c2ccccc2)c1,CC(C)=CCc1c(O)cc2oc3cc(O)c(O)c(C=CC(C)C)c3c(=O)c2c1O,0,0.1461
spectraverse_pos_000060,4,Cc1ccc2c(c1)C(C=O)=COC(OCC(C)C)=C(c1ccccc1)C(CC#N)O2,CC(C)=CCc1c(O)cc2oc3cc(O)c(O)c(C=CC(C)C)c3c(=O)c2c1O,0,0.1413
spectraverse_pos_000060,5,CC(=O)CC1C=C(c2ccccc2)c2cc(CC#N)c(O)cc2C1(O)OCC(C)O,CC(C)=CCc1c(O)cc2oc3cc(O)c(O)c(C=CC(C)C)c3c(=O)c2c1O,0,0.1429
spectraverse_pos_000061,1,CC(O)COC1C=C(c2ccccc2)C2=C(OC(=O)C1)C(C)(C)OC(CC#N)=C2,CC(C)=CCc1c(O)cc2oc3cc(O)c(O)c(C=CC(C)C)c3c(=O)c2c1O,0,0.117
spectraverse_pos_000061,2,CC(O)CC1C=C(c2ccccc2)c2ccc3c(OCC#N)c2CC(C)(OC3=O)C1O,CC(C)=CCc1c(O)cc2oc3cc(O)c(O)c(C=CC(C)C)c3c(=O)c2c1O,0,0.117
spectraverse_pos_000061,3,C#CCOc1ccc2c(c1C)C(=O)OC(OCC(C)C)=CC(=O)C2c1ccccc1,CC(C)=CCc1c(O)cc2oc3cc(O)c(O)c(C=CC(C)C)c3c(=O)c2c1O,0,0.1364
spectraverse_pos_000062,1,CC(=O)CC1C=C(c2ccccc2)C(=CO)c2ccc(OCCF)cc2C(C)(CO)O1,CC(C)=CCc1c(O)cc2oc3cc(O)c(O)c(C=CC(C)C)c3c(=O)c2c1O,0,0.1031
spectraverse_pos_000062,2,Cc1ccc2c(c1C(=O)C=CCO)OC(OCC(C)C)=C(c1ccccc1)CO2,CC(C)=CCc1c(O)cc2oc3cc(O)c(O)c(C=CC(C)C)c3c(=O)c2c1O,0,0.1461
spectraverse_pos_000062,3,CC(C)=CCc1cc(O)c2c(c1)C(O)C(c1ccccc1)=CC(CC(C)C)C2=O,CC(C)=CCc1c(O)cc2oc3cc(O)c(O)c(C=CC(C)C)c3c(=O)c2c1O,0,0.2436
spectraverse_pos_000062,4,CCc1cc(C)cc(CC2c3ccc(S(=O)(=O)OCC(C)C)c(OCCO)c32)c1,CC(C)=CCc1c(O)cc2oc3cc(O)c(O)c(C=CC(C)C)c3c(=O)c2c1O,0,0.1494
spectraverse_pos_000063,1,CC(C)=C(O)Cc1c(C)ccc2c(c1=O)OC(OCC(C)O)C=C(c1ccccc1)C2,CC(C)=CCc1c(O)cc2oc3cc(O)c(O)c(C=CC(C)C)c3c(=O)c2c1O,0,0.1573
spectraverse_pos_000063,2,Cc1cc(OC#N)cc2c1C(OC(C)C)=C(O)C(CC(C)O)C=C2c1ccccc1,CC(C)=CCc1c(O)cc2oc3cc(O)c(O)c(C=CC(C)C)c3c(=O)c2c1O,0,0.1136
spectraverse_pos_000063,3,COC1C(c2ccccc2)=CC(CC(C)=O)OC(=O)c2c1ccc(C)c2CCC#N,CC(C)=CCc1c(O)cc2oc3cc(O)c(O)c(C=CC(C)C)c3c(=O)c2c1O,0,0.1087
spectraverse_pos_000063,4,Cc1cc(CC#N)c2c(c1)C1CCC(c3ccccc3)=C(OCC(C)C)OC2C1O,CC(C)=CCc1c(O)cc2oc3cc(O)c(O)c(C=CC(C)C)c3c(=O)c2c1O,0,0.1413
spectraverse_pos_000064,1,CC#N.CC1=CC2=C(O2)C(O)C(CC(=O)OC(C)(C)C)C=C(c2ccccc2)C=C1,CC(C)=CCc1c(O)cc2oc3cc(O)c(O)c(C=CC(C)C)c3c(=O)c2c1O,0,0.086
spectraverse_pos_000064,2,CC1=CC=C2C3OOC(C(=O)C12CC#N)C(CC(C)C)C=C3c1ccccc1.CCO,CC(C)=CCc1c(O)cc2oc3cc(O)c(O)c(C=CC(C)C)c3c(=O)c2c1O,0,0.1075
spectraverse_pos_000064,3,COC1CC(CC(C)O)C=C(c2ccccc2)c2cc(CC#N)cc(O)c21.O=C1CO1,CC(C)=CCc1c(O)cc2oc3cc(O)c(O)c(C=CC(C)C)c3c(=O)c2c1O,0,0.1505
spectraverse_pos_000064,4,Cc1cc(OC(=O)CCC#N)cc2c1C(OO)OC(CC(C)C)C=C2c1ccccc1,CC(C)=CCc1c(O)cc2oc3cc(O)c(O)c(C=CC(C)C)c3c(=O)c2c1O,0,0.1031
spectraverse_pos_000064,5,CCC(=O)OC1C(c2ccccc2)=C(OCC(C)C)COc2c1ccc(C)c2CC=O,CC(C)=CCc1c(O)cc2oc3cc(O)c(O)c(C=CC(C)C)c3c(=O)c2c1O,0,0.1648
spectraverse_pos_000064,6,C=COc1cc2c(c(CC(=O)O)c1)C(O)=COC(CC(C)C)C=C(c1ccccc1)CC2,CC(C)=CCc1c(O)cc2oc3cc(O)c(O)c(C=CC(C)C)c3c(=O)c2c1O,0,0.1263
spectraverse_pos_000064,7,Cc1ccc2c(c1CC#N)C(OCC(=O)O)C(O)C(CC(C)C)C=C2c1ccccc1,CC(C)=CCc1c(O)cc2oc3cc(O)c(O)c(C=CC(C)C)c3c(=O)c2c1O,0,0.1099
spectraverse_pos_000064,8,COC1OC(=O)C(OCC(C)C)C=C(c2ccccc2)C=Cc2ccc(O)c(CC#N)c21,CC(C)=CCc1c(O)cc2oc3cc(O)c(O)c(C=CC(C)C)c3c(=O)c2c1O,0,0.163
spectraverse_pos_000065,1,C=CCOC1Oc2c1c(C)c(=O)c1c(c2C(C)C(=O)O)CC(c2c(O)cc(C)c3c2C2OOC2C3C)C1=O,CCCCCC(=O)Cc1cc(O)cc2c1C(=O)Oc1cc(O)c(C(=O)O)c(CCCCC)c1O2,0,0.1545
spectraverse_pos_000065,2,COC=C1C(=O)c2c(C)ccc(O)c2C(=O)C12OC1(C)C(O)OC1c1ccc2coc(C(C)C(=O)O)cc1,CCCCCC(=O)Cc1cc(O)cc2c1C(=O)Oc1cc(O)c(C(=O)O)c(CCCCC)c1O2,0,0.1402
spectraverse_pos_000066,1,C=C(OC)C(COCCC(C)F)c1ccc(OC=O)c(Cl)c1.O=c1oc2cn(c1=O)CC2,COC1=C(C)C(=O)c2c(cc(O)c3c2OC(C)C3(C)CCC=C(C)C)C1=O,0,0.1226
spectraverse_pos_000066,2,C=C(C)n1cc(CC=COCCc2coc(=O)o2)c(OC(=O)c2cccc(F)c2)c1C,COC1=C(C)C(=O)c2c(cc(O)c3c2OC(C)C3(C)CCC=C(C)C)C1=O,0,0.1584
spectraverse_pos_000067,1,Cc1cc(CC(=O)C(OC(F)F)c2ccc3c(c2)CCO3)cnc1OCC=CCO,COC1=C(C)C(=O)c2c(cc(O)c3c2OC(C)C3(C)CCC=C(C)C)C1=O,0,0.1176
spectraverse_pos_000067,2,C=C(C)OCCc1cc(OCC=O)cc(C)c1C(=CCl)OCc1csc(=O)o1,COC1=C(C)C(=O)c2c(cc(O)c3c2OC(C)C3(C)CCC=C(C)C)C1=O,0,0.1327
spectraverse_pos_000067,3,C=C(COC(=O)Cc1cnc2c(c1)CC(c1ccc(OC=O)c(C)c1)O2)OCCCl,COC1=C(C)C(=O)c2c(cc(O)c3c2OC(C)C3(C)CCC=C(C)C)C1=O,0,0.125
spectraverse_pos_000067,4,C=CCC(=C)OCCc1ccc2c(c1)OC(OC(=O)[O-])O2.Cc1cccn1CCCl,COC1=C(C)C(=O)c2c(cc(O)c3c2OC(C)C3(C)CCC=C(C)C)C1=O,0,0.14
spectraverse_pos_000067,5,C=C(C)OCCCn1cc(OC(=O)CC(F)Cl)cc(C)c1=O.CC=Cc1ccco1,COC1=C(C)C(=O)c2c(cc(O)c3c2OC(C)C3(C)CCC=C(C)C)C1=O,0,0.1471
spectraverse_pos_000068,1,CCC(C)CCC(O)C=CC(O)CCCCC(=O)OCC1OC(C)C(O)C(O)C1O,CCCCCCCCOC1OC(COC2OCC(O)C(O)C2O)C(O)C(O)C1O,0,0.2286
spectraverse_pos_000068,2,CCC(C)C(O)CC(OC1=CC=CC1=O)C(=O)OCC1OC(C)C(O)C(O)C1O,CCCCCCCCOC1OC(COC2OCC(O)C(O)C2O)C(O)C(O)C1O,0,0.2105
spectraverse_pos_000068,3,CC1OC(CO)C(O)C(O)C1O.CCC(C)C(O)CC(C=CO)OC(=O)CCC=O,CCCCCCCCOC1OC(COC2OCC(O)C(O)C2O)C(O)C(O)C1O,0,0.1646
spectraverse_pos_000068,4,CC1C=C(OC2OC(COC(=O)CCC(O)C(C)C)C(O)C(O)C2O)C(=O)CC1,CCCCCCCCOC1OC(COC2OCC(O)C(O)C2O)C(O)C(O)C1O,0,0.2368
spectraverse_pos_000068,5,CCC(C)C(O)C(O)C(O)=CC(O)CCC(OCC1CC(C)OCC1=O)C(C)=O,CCCCCCCCOC1OC(COC2OCC(O)C(O)C2O)C(O)C(O)C1O,0,0.1176
spectraverse_pos_000068,6,CC1OC(COC(CC(O)C=CC2CCC=CC2=O)C(C)(C)C)C(O)C(O)C1O,CCCCCCCCOC1OC(COC2OCC(O)C(O)C2O)C(O)C(O)C1O,0,0.1899
spectraverse_pos_000068,7,CCCC(C)(O)C(O)CC(C=O)OCC=CC(=O)OCC1OC(C)C(O)C(O)C1O,CCCCCCCCOC1OC(COC2OCC(O)C(O)C2O)C(O)C(O)C1O,0,0.2025
spectraverse_pos_000068,8,CCOC(=O)CC(CCCCC=C(O)C(O)C(C)CC)OC1OC(C)C(O)C(O)C1O,CCCCCCCCOC1OC(COC2OCC(O)C(O)C2O)C(O)C(O)C1O,0,0.1772
spectraverse_pos_000068,9,CCCC(C)OC(=CC(=O)COCC1OC(C)C(O)C(O)C1O)C(O)CCCC=O,CCCCCCCCOC1OC(COC2OCC(O)C(O)C2O)C(O)C(O)C1O,0,0.2368
spectraverse_pos_000068,10,CCC(C)CCC(=O)OCC(O)CCCCC(=O)OCC1OC(O)C(C)C(O)C1O,CCCCCCCCOC1OC(COC2OCC(O)C(O)C2O)C(O)C(O)C1O,0,0.2055
spectraverse_pos_000069,1,CC1=CCCC(=O)O1.CCC(C)C(O)CCC(CO)OCC1OC(C)C(O)C(O)C1O,CCCCCCCCOC1OC(COC2OCC(O)C(O)C2O)C(O)C(O)C1O,0,0.1975
spectraverse_pos_000069,2,CCOC(CCC(O)C(C)CC)CC(=O)C=CC(=O)OC1OC(C)C(O)C(O)C1O,CCCCCCCCOC1OC(COC2OCC(O)C(O)C2O)C(O)C(O)C1O,0,0.1688
spectraverse_pos_000069,3,CC1C(O)OC(CO)C(O)C1O.CCC(C)C(CC(C)O)OC1=CCCC=CC1=O,CCCCCCCCOC1OC(COC2OCC(O)C(O)C2O)C(O)C(O)C1O,0,0.1605
spectraverse_pos_000069,4,CCC(C)(O)C=CC(=O)OCC1OC(C(C)CCC(O)CCC=O)C(O)C(O)C1O,CCCCCCCCOC1OC(COC2OCC(O)C(O)C2O)C(O)C(O)C1O,0,0.1948
spectraverse_pos_000069,5,CCOC(O)(C=CC(O)CCC(C)CC)C(=O)OC1OC(C)CCC(O)C(O)C1O,CCCCCCCCOC1OC(COC2OCC(O)C(O)C2O)C(O)C(O)C1O,0,0.1899
spectraverse_pos_000069,6,CC(C)C(OC(=O)C=CCCC(=O)OCC1OC(C)(O)C(O)C(O)C1O)C(C)CO,CCCCCCCCOC1OC(COC2OCC(O)C(O)C2O)C(O)C(O)C1O,0,0.1375
spectraverse_pos_000069,7,CCC(C)C(CCC=O)OCOCC(CCC(O)C(C)CO)C1C=C(C(O)C(=O)O)O1,CCCCCCCCOC1OC(COC2OCC(O)C(O)C2O)C(O)C(O)C1O,0,0.1294
spectraverse_pos_000069,8,CCC(C)CCC(O)CC(CO)=C(CO)C(=O)OCC1OC(O)C(C)C(O)CC1O,CCCCCCCCOC1OC(COC2OCC(O)C(O)C2O)C(O)C(O)C1O,0,0.1688
spectraverse_pos_000069,9,CC(C=O)CCC(=O)C=CCO.CCC(C)C(O)C(O)C(O)C(O)(CO)C(C)OC=O,CCCCCCCCOC1OC(COC2OCC(O)C(O)C2O)C(O)C(O)C1O,0,0.0595
spectraverse_pos_000070,1,CC(C)C(O)OC(=O)C=CCCCCC=O.CC1(CO)C(O)CCC(O)C1O,CCCCCCCCOC1OC(COC2OCC(O)C(O)C2O)C(O)C(O)C1O,0,0.1299
spectraverse_pos_000070,2,CCC(C)C(OCC1OC(C)C(O)C(O)C1=O)C(O)C=C(O)CCCCCCO,CCCCCCCCOC1OC(COC2OCC(O)C(O)C2O)C(O)C(O)C1O,0,0.1646
spectraverse_pos_000070,3,CCC(C)C(O)CC(CCO)OCC1OC(C)C(O)C(O)C1O.O=C1C=CC=C1O,CCCCCCCCOC1OC(COC2OCC(O)C(O)C2O)C(O)C(O)C1O,0,0.2179
spectraverse_pos_000070,4,CC(C)CCCC(O)C(=O)OC1=CC(OCC2OC(C)C(O)C(O)C2O)CCCC1O,CCCCCCCCOC1OC(COC2OCC(O)C(O)C2O)C(O)C(O)C1O,0,0.2368
spectraverse_pos_000070,5,C=C(C(=O)OCCC(O)CCCCC(=O)OC1OCC(C)C(O)C(O)C1O)C(C)CC,CCCCCCCCOC1OC(COC2OCC(O)C(O)C2O)C(O)C(O)C1O,0,0.24
spectraverse_pos_000070,6,CC1=CCCCCC1.CCC(C)C(O)C(C=O)OCC1CC(O)OC(=O)C(O)C1O,CCCCCCCCOC1OC(COC2OCC(O)C(O)C2O)C(O)C(O)C1O,0,0.1264
spectraverse_pos_000070,7,CCC(C)C(OCC1OC(O)C(C)C(O)C1=O)C(O)CC=CC1CCCOC1=O,CCCCCCCCOC1OC(COC2OCC(O)C(O)C2O)C(O)C(O)C1O,0,0.1264
spectraverse_pos_000071,1,CC1OC(CO)OC(O)C(O)C1O.CC1OC(OO)C(OC2=CC(C)(O)CC(O)=CC2=O)C(O)C1O,COC(=O)C1=COC(OC2OC(CO)C(O)C(O)C2O)C(C(C)OC(C)=O)C1CC(=O)O,0,0.1667
spectraverse_pos_000071,2,CCC1OC(OC2=C(O)C3(OCC4(O)C(O)COCCC4(C)O)CC3C(O)OC2=O)C(O)C(O)C1O,COC(=O)C1=COC(OC2OC(CO)C(O)C(O)C2O)C(C(C)OC(C)=O)C1CC(=O)O,0,0.1919
spectraverse_pos_000071,3,CC1OC(O)C(O)(OCC2=COC(OC3OC(CO)C(O)C(O)C3O)CC(F)(F)C(O)CC2=O)C1O,COC(=O)C1=COC(OC2OC(CO)C(O)C(O)C2O)C(C(C)OC(C)=O)C1CC(=O)O,0,0.3182
spectraverse_pos_000071,4,CC1OC(O)C(OC2=CC(=O)C(OCC3OC(O)(CO)C(O)C(O)C3O)=COC(O)C2O)C(O)C1O,COC(=O)C1=COC(OC2OC(CO)C(O)C(O)C2O)C(C(C)OC(C)=O)C1CC(=O)O,0,0.1753
spectraverse_pos_000071,5,CC1OCC(O)(OCC2=C(OCC3OC(CO)C(O)C(O)C3O)CC(C)(O)C=CC2=O)C(O)C1O,COC(=O)C1=COC(OC2OC(CO)C(O)C(O)C2O)C(C(C)OC(C)=O)C1CC(=O)O,0,0.2234
spectraverse_pos_000071,6,CC1(O)CC(O)(C23OC(O2)C(O)C3O)CC1=O.CO.OC1C=COC2OCC(OCC2O)C1O,COC(=O)C1=COC(OC2OC(CO)C(O)C(O)C2O)C(C(C)OC(C)=O)C1CC(=O)O,0,0.101
spectraverse_pos_000071,7,CC1OC(CO)C(O)C(O)C1O.CCCC(O)(O)C1=C(OC2OC(O)C(C)C(O)C2O)C(=O)CO1,COC(=O)C1=COC(OC2OC(CO)C(O)C(O)C2O)C(C(C)OC(C)=O)C1CC(=O)O,0,0.2198
spectraverse_pos_000071,8,CC1OC(OC2=CC(O)(OCC3OC(CO)C(O)C(O)C3O)CC(C)(O)CCCC2O)C(O)C(O)C1O,COC(=O)C1=COC(OC2OC(CO)C(O)C(O)C2O)C(C(C)OC(C)=O)C1CC(=O)O,0,0.2333
spectraverse_pos_000071,9,CC1(O)CCC2=C(CO2)C(=O)OCO1.CC1OCC(O)(CO)C(O)C1O.OC1C2CC(O2)C(O)C1O,COC(=O)C1=COC(OC2OC(CO)C(O)C(O)C2O)C(C(C)OC(C)=O)C1CC(=O)O,0,0.1327
spectraverse_pos_000072,1,CC1OC(OC2C3OC2C2c4c(O)cc(C(=O)Cc5ccc(O)c(O)c5)cc4OC3CC2O)C(CO)C(O)C1O,O=c1c(-c2ccc(O)cc2)coc2cc(OC3OC(COC4OCC(O)(CO)C4O)C(O)C(O)C3O)cc(O)c12,0,0.1579
spectraverse_pos_000072,2,CC1OC(OC2Oc3cccc(OC4OC(CO)C(O)C(O)C4O)c3C2=O)C(Cc2ccc(O)c(O)c2)C(O)C1O,O=c1c(-c2ccc(O)cc2)coc2cc(OC3OC(COC4OCC(O)(CO)C4O)C(O)C(O)C3O)cc(O)c12,0,0.25
spectraverse_pos_000072,3,O=C(CCO)C1Oc2c(CO)cc(O)cc2OCC(=O)C1OC1CC(O)C(O)C(O)C1Oc1cc(O)c(O)c(O)c1,O=c1c(-c2ccc(O)cc2)coc2cc(OC3OC(COC4OCC(O)(CO)C4O)C(O)C(O)C3O)cc(O)c12,0,0.1909
spectraverse_pos_000072,4,Cc1oc2ccccc2c1OC1C(OC2OC(CO)C(O)C(O)C2O)OC(Cc2ccc(O)c(O)c2)C(O)C1O,O=c1c(-c2ccc(O)cc2)coc2cc(OC3OC(COC4OCC(O)(CO)C4O)C(O)C(O)C3O)cc(O)c12,0,0.2277
spectraverse_pos_000072,5,CCOC1C(Oc2ccc(C=O)c(O)c2)c2c(cc(O)cc2OC2OC(CO)C(O)C(O)C2O)OC2CCC(O)OCC21,O=c1c(-c2ccc(O)cc2)coc2cc(OC3OC(COC4OCC(O)(CO)C4O)C(O)C(O)C3O)cc(O)c12,0,0.2752
spectraverse_pos_000072,6,CC1=C(OC2COC(CO)C(O)C2O)c2c(ccc(O)c2OCc2ccc(O)c(O)c2)C1.OC1C2CC(O2)C1O,O=c1c(-c2ccc(O)cc2)coc2cc(OC3OC(COC4OCC(O)(CO)C4O)C(O)C(O)C3O)cc(O)c12,0,0.2095
spectraverse_pos_000073,1,O=COC1C(Oc2cc(O)c3c(c2C2COC(O)C(O)C2O)OC(c2cc4cc(O)ccc4o2)CC3)OC(Cc2ccc(O)c(O)c2)C(O)C1O,O=C(C=Cc1ccc(O)c(O)c1)OC1CC(O)(C(=O)O)CC(OC(=O)C=Cc2ccc(O)c(O)c2)C1OC(=O)C=Cc1ccc(O)c(O)c1,0,0.1574
spectraverse_pos_000073,2,CC1OC(c2ccc(O)c(O)c2)C2Oc3c(OC(=O)c4cc5c(cc4O)OCO5)ccc(O)c3OC2OC(c2ccc(O)c(O)c2)C(O)C1O.CO,O=C(C=Cc1ccc(O)c(O)c1)OC1CC(O)(C(=O)O)CC(OC(=O)C=Cc2ccc(O)c(O)c2)C1OC(=O)C=Cc1ccc(O)c(O)c1,0,0.1648
spectraverse_pos_000073,3,O=C(c1cc(O)c2c(c1)OCC(c1ccc(O)c(O)c1)O2)C1Oc2ccc(OC3OC(CO)C(O)C(O)C3O)cc2OC1C1OC2OC2C(O)C1O,O=C(C=Cc1ccc(O)c(O)c1)OC1CC(O)(C(=O)O)CC(OC(=O)C=Cc2ccc(O)c(O)c2)C1OC(=O)C=Cc1ccc(O)c(O)c1,0,0.15
spectraverse_pos_000074,1,O=C1NC(OC2CC(O)c3cc(O)cc(OC4OC(CO)C(O)C(O)C4O)c3O2)C(c2ccc(O)cc2)OC(O)C1C(=O)c1ccc2c(c1)OCO2,O=C(C=Cc1ccc(O)c(O)c1)OC1CC(O)(C(=O)O)CC(OC(=O)C=Cc2ccc(O)c(O)c2)C1OC(=O)C=Cc1ccc(O)c(O)c1,0,0.1182
spectraverse_pos_000074,2,O=C1Oc2cc(c3c(O)c2C2CC(COC(c4ccc(O)c(O)c4)C(=O)O2)OCO3)C(O)C(O)C(CO)OC2OC(Oc3cc(O)cc1c3)C(O)C2O,O=C(C=Cc1ccc(O)c(O)c1)OC1CC(O)(C(=O)O)CC(OC(=O)C=Cc2ccc(O)c(O)c2)C1OC(=O)C=Cc1ccc(O)c(O)c1,0,0.1261
spectraverse_pos_000074,3,CC1OC(OC2OC(Oc3ccc(O)c(O)c3)C(O)C(O)C2O)c2cccc(OC(=O)c3cc(O)cc4c3OC(C3Oc5cc(O)ccc53)O4)c2OC1CO,O=C(C=Cc1ccc(O)c(O)c1)OC1CC(O)(C(=O)O)CC(OC(=O)C=Cc2ccc(O)c(O)c2)C1OC(=O)C=Cc1ccc(O)c(O)c1,0,0.1429
spectraverse_pos_000074,4,O=C(Oc1cc2c(c(O)c1C1OC(O)C(O)C(O)C1OC1OC(CO)C(O)C(O)C1O)C(C1=CC3=CC(O)=CC3=C1)OCO2)c1ccc(O)c(O)c1,O=C(C=Cc1ccc(O)c(O)c1)OC1CC(O)(C(=O)O)CC(OC(=O)C=Cc2ccc(O)c(O)c2)C1OC(=O)C=Cc1ccc(O)c(O)c1,0,0.1538
spectraverse_pos_000075,1,COc1cc2c(c(O)c1O)OC(c1ccc(O)c(OC3OC(CO)C(O)C(O)C3OC(=O)CC3Oc4ccccc4C(c4ccc(O)c(O)c4)O3)c1)O2,O=C(C=Cc1ccc(O)c(O)c1)OC1CC(O)(C(=O)O)CC(OC(=O)C=Cc2ccc(O)c(O)c2)C1OC(=O)C=Cc1ccc(O)c(O)c1,0,0.1553
spectraverse_pos_000075,2,COC1Cc2cc(OC3OC(CO)C(O)C(O)C3O)cc(O)c2OC1c1ccc(O)c(O)c1.O=C1Oc2cc(O)c3c(c2)C(OCO3)c2ccc1cc2,O=C(C=Cc1ccc(O)c(O)c1)OC1CC(O)(C(=O)O)CC(OC(=O)C=Cc2ccc(O)c(O)c2)C1OC(=O)C=Cc1ccc(O)c(O)c1,0,0.1402
spectraverse_pos_000075,3,CC1OC(Cc2cc(O)c(O)c(Oc3cc(C4CC(=O)c5cc(O)ccc5O4)cc4c3OCO4)c2)C(O)C(O)C1O.O=c1oc2ccc1cc2O,O=C(C=Cc1ccc(O)c(O)c1)OC1CC(O)(C(=O)O)CC(OC(=O)C=Cc2ccc(O)c(O)c2)C1OC(=O)C=Cc1ccc(O)c(O)c1,0,0.0982
spectraverse_pos_000075,4,CC1OC(Oc2cc(O)c3c(c2)OC(c2ccc(O)c(O)c2)O3)OCC(O)C1O.O=C1c2cc(OC3OC(O)(CO)C(O)C3O)c3oc1cc3c2,O=C(C=Cc1ccc(O)c(O)c1)OC1CC(O)(C(=O)O)CC(OC(=O)C=Cc2ccc(O)c(O)c2)C1OC(=O)C=Cc1ccc(O)c(O)c1,0,0.1468
spectraverse_pos_000075,5,COC1OC(CO)C(O)C(O)C1O.O=C(OC1C(O)C(Oc2c(O)cc3c4c2C(C3)O4)OC(c2ccc(O)c(O)c2)C1O)c1ccc2c(c1)OCO2,O=C(C=Cc1ccc(O)c(O)c1)OC1CC(O)(C(=O)O)CC(OC(=O)C=Cc2ccc(O)c(O)c2)C1OC(=O)C=Cc1ccc(O)c(O)c1,0,0.1619
spectraverse_pos_000075,6,CC1OC(OC2OC(CO)C(O)C(O)C2O)CC(O)C1OC(=O)c1cc2c(cc1O)OCO2.Oc1cc2c(cc1O)OC1c3ccc(O)c(c3)OC1C2,O=C(C=Cc1ccc(O)c(O)c1)OC1CC(O)(C(=O)O)CC(OC(=O)C=Cc2ccc(O)c(O)c2)C1OC(=O)C=Cc1ccc(O)c(O)c1,0,0.1538
spectraverse_pos_000076,1,CC1OC(Oc2cc(-c3ccc(O)c(O)c3)cc(O)c2C(=O)C2OC3c4cc(O)c5c(c4OCO)C(OC5=O)C3OCC2O)C(O)C(O)C1O.CO,O=C(C=Cc1ccc(O)c(O)c1)OC1CC(O)(C(=O)O)CC(OC(=O)C=Cc2ccc(O)c(O)c2)C1OC(=O)C=Cc1ccc(O)c(O)c1,0,0.1429
spectraverse_pos_000076,2,O=C1C2=CC(C3Oc4cc(OCCc5ccc(O)c(O)c5)cc(OC5OC(CO)C(O)C(O)C5O)c4OC3O)=CC2(O)C(O)Oc2ccc(O)cc21,O=C(C=Cc1ccc(O)c(O)c1)OC1CC(O)(C(=O)O)CC(OC(=O)C=Cc2ccc(O)c(O)c2)C1OC(=O)C=Cc1ccc(O)c(O)c1,0,0.1481
spectraverse_pos_000076,3,CC1OC(OC2OC(CO)C(O)C(O)C2O)c2cc(OC(=O)C3CC(=O)c4cc5c(c(O)c4O3)OCO5)ccc2OC1c1ccc(O)c(N(C)C)c1,O=C(C=Cc1ccc(O)c(O)c1)OC1CC(O)(C(=O)O)CC(OC(=O)C=Cc2ccc(O)c(O)c2)C1OC(=O)C=Cc1ccc(O)c(O)c1,0,0.1228
spectraverse_pos_000076,4,CCC1OC(OC2C(c3ccc(O)c(Oc4cc5oc6c(C(O)O)cc(O)cc6c(=O)c5cc4O)c3)OC(O)C(O)C2O)C2Oc3ccccc3C12,O=C(C=Cc1ccc(O)c(O)c1)OC1CC(O)(C(=O)O)CC(OC(=O)C=Cc2ccc(O)c(O)c2)C1OC(=O)C=Cc1ccc(O)c(O)c1,0,0.1081
spectraverse_pos_000077,1,CC(C(=O)CCC(=N)O)C1COC(c2ccccc2)=N1,O=C(NC(CO)Cc1ccccc1)c1ccccc1,0,0.1864
spectraverse_pos_000077,2,CC(O)CCCC1COC(=NC(=O)c2ccncc2)CO1,O=C(NC(CO)Cc1ccccc1)c1ccccc1,0,0.1343
spectraverse_pos_000077,3,NC12C=CC=C1OC1C(=O)C12.OCCCN1CCOCC1,O=C(NC(CO)Cc1ccccc1)c1ccccc1,0,0.1029
spectraverse_pos_000077,4,CN=C(O)CCC1COC(=NC(=O)c2ccccc2)O1,O=C(NC(CO)Cc1ccccc1)c1ccccc1,0,0.2069
spectraverse_pos_000077,5,CC(CC1COC(C(O)=Nc2ccccc2)O1)C(=O)O,O=C(NC(CO)Cc1ccccc1)c1ccccc1,0,0.1897
spectraverse_pos_000078,1,O=C1C(c2cc(O)ccc2-c2oc(=O)n3ccccc23)=COC1O,Cc1cc(O)c2c(=O)c3c(O)cccc3c(=O)oc2c1,0,0.1739
spectraverse_pos_000079,1,C1=CO1.C=C(C)c1cccnc1.Oc1ccc2cc(O)ncc2c1,COc1ccc2c(c1)OCc1c-2oc2cc(OC)ccc12,0,0.0986
spectraverse_pos_000079,2,CCO[SH](=O)(Oc1ccnc2ccc(O)cc12)c1cccnc1,COc1ccc2c(c1)OCc1c-2oc2cc(OC)ccc12,0,0.1067
spectraverse_pos_000079,3,Cc1cnn(-c2ccccc2)c1.O=C1Oc2c(O)cc(O)cc21,COc1ccc2c(c1)OCc1c-2oc2cc(OC)ccc12,0,0.0986
spectraverse_pos_000080,1,C=Cc1ccccc1.CC1=Cn2ccc(O)nc3cc(c2N=C=C1O)O3,COc1ccc2c(c1)OCc1c-2oc2cc(OC)ccc12,0,0.0886
spectraverse_pos_000081,1,COc1ccc(NC2=C(C(C)=O)Oc3cc(O)ccc3O2)cn1,COc1ccc2c(c1)OCc1c-2oc2cc(OC)ccc12,0,0.1389
spectraverse_pos_000081,2,CC1=CC(O)=C(NC(=O)C=COc2ccc(O)cc2)C=NC=C1,COc1ccc2c(c1)OCc1c-2oc2cc(OC)ccc12,0,0.1096
spectraverse_pos_000081,3,CC1=C(O)N=C(OCc2ccc(O)cc2)OC2=CC=CC21CO,COc1ccc2c(c1)OCc1c-2oc2cc(OC)ccc12,0,0.0822
spectraverse_pos_000082,1,CC1=C(O)CC=Nc2ccc(nc2)Oc2ccncc2OC(=O)CC1,COc1ccc2c(c1)OCc1c-2oc2cc(OC)ccc12,0,0.0897
spectraverse_pos_000082,2,COC(COc1cncc2cc(O)cnc12)=Nc1ccc(C)cc1,COc1ccc2c(c1)OCc1c-2oc2cc(OC)ccc12,0,0.1096
spectraverse_pos_000082,3,COc1ncnc2cc(Nc3ccc(-c4cc(C)co4)cn3)ccc12,COc1ccc2c(c1)OCc1c-2oc2cc(OC)ccc12,0,0.1486
spectraverse_pos_000083,1,COc1cn(C)c2ccc(OC=CC(=O)N(C)C(=O)C(C)C)cc12,COc1ccc(Cc2nccc3cc(OC)c(OC)cc23)cc1OC,0,0.1549
spectraverse_pos_000083,2,CCOC=C1C=CN(C=O)CCN(c2ccc(OCO)c(C)c2C)C1=O,COc1ccc(Cc2nccc3cc(OC)c(OC)cc23)cc1OC,0,0.1169
spectraverse_pos_000085,1,C=Nc1cc(OC)c(F)c(C(C)COC(=O)c2ccn(C)c2C)c1,COc1ccc(Cc2nccc3cc(OC)c(OC)cc23)cc1OC,0,0.1467
spectraverse_pos_000085,2,COCN(C(=O)OOC)c1ccc(CCC(=O)N=C(C)C)c(C)c1F,COc1ccc(Cc2nccc3cc(OC)c(OC)cc23)cc1OC,0,0.0933
spectraverse_pos_000086,1,CC(=O)C(C=O)CCCl.CC(C)=CC(=O)c1cccc(C=C(O)Cl)c1F.CC(C)CO,COc1cc2c(c(OC)c1OC)-c1c(cc3c(c1OC)OCO3)CC(C)C(C)C2,0,0.0581
spectraverse_pos_000086,2,CC(C)CO.CC1=CC(=O)Oc2ccc(cc2Cl)C1.COC=C=CC(C)(C)C=O,COc1cc2c(c(OC)c1OC)-c1c(cc3c(c1OC)OCO3)CC(C)C(C)C2,0,0.1047
spectraverse_pos_000086,3,COC1=CC(OCC(C)C)C(=O)OC1C.Cc1c#cc2ccc(oc(=O)c1)c(Cl)c2,COc1cc2c(c(OC)c1OC)-c1c(cc3c(c1OC)OCO3)CC(C)C(C)C2,0,0.1294
spectraverse_pos_000087,1,COC(C)(C=C(c1ccc(Cl)c(OCC(C)C)c1)c1cc(OC(=O)C=O)ccn1)N=O,COc1cc2c(c(OC)c1OC)-c1c(cc3c(c1OC)OCO3)CC(C)C(C)C2,0,0.0879
spectraverse_pos_000087,2,C=C(C)CC=C(Cl)c1cc2cc(OC(C)C)cc(Cl)c2c(=O)o1.CC1OC1=O,COc1cc2c(c(OC)c1OC)-c1c(cc3c(c1OC)OCO3)CC(C)C(C)C2,0,0.1084
spectraverse_pos_000087,3,CC1=CC(=O)Oc2ccc(cc2Cl)N=COC1C(=O)OC(C)C.COC(C)C=CCl,COc1cc2c(c(OC)c1OC)-c1c(cc3c(c1OC)OCO3)CC(C)C(C)C2,0,0.1136
spectraverse_pos_000087,4,COC(F)C(=O)C(=O)Oc1ccc(Cl)c(C=CC(C)=CC(C)(C)OCC(C)C)c1,COc1cc2c(c(OC)c1OC)-c1c(cc3c(c1OC)OCO3)CC(C)C(C)C2,0,0.0682
spectraverse_pos_000087,5,CC(=CC(C)C)c1ccc(OC=O)c(O)c1.CC(C)OC(CC(Cl)Cl)C(=O)CO,COc1cc2c(c(OC)c1OC)-c1c(cc3c(c1OC)OCO3)CC(C)C(C)C2,0,0.0714
spectraverse_pos_000087,6,COC(C)C#Cc1ccc(OC(=O)C=C(Cl)C2=C(OC(C)C)OC2(C)C)c(Cl)c1,COc1cc2c(c(OC)c1OC)-c1c(cc3c(c1OC)OCO3)CC(C)C(C)C2,0,0.1059
spectraverse_pos_000087,7,CC(C(O)=Nc1ccc(OC(=O)COCC(C)C)c(Cl)c1)=C(C(=O)CCCl)C(C)C,COc1cc2c(c(OC)c1OC)-c1c(cc3c(c1OC)OCO3)CC(C)C(C)C2,0,0.0952
spectraverse_pos_000087,8,CC(=O)C=C(C)c1ccc(OCC(C)(C)OC2CC(=O)C(C)(Cl)C2O)c(OC=O)c1,COc1cc2c(c(OC)c1OC)-c1c(cc3c(c1OC)OCO3)CC(C)C(C)C2,0,0.1047
spectraverse_pos_000088,1,CC(=O)C(CCl)=C(C)c1cc(O)c(Cl)cc1F.CC(C)=CCOC1CC(=O)C(C)O1,COc1cc2c(c(OC)c1OC)-c1c(cc3c(c1OC)OCO3)CC(C)C(C)C2,0,0.1163
spectraverse_pos_000088,2,C=C(C)C=Cc1ccc(OC(C)C(=O)C=COCC(F)Cl)c(Cl)c1.CC(C)C(=O)O,COc1cc2c(c(OC)c1OC)-c1c(cc3c(c1OC)OCO3)CC(C)C(C)C2,0,0.0952
spectraverse_pos_000088,3,CC(C)CC=C(CCc1cc(Cl)c(OCC(C)OC(C)C)c2c1CC(=O)C2Cl)C(=O)O,COc1cc2c(c(OC)c1OC)-c1c(cc3c(c1OC)OCO3)CC(C)C(C)C2,0,0.1034
spectraverse_pos_000088,4,CCC(C)C=C(O)C(=O)COC(C)C.CNC(=O)C(Cl)CC1=CCOc2ccc1cc2,COc1cc2c(c(OC)c1OC)-c1c(cc3c(c1OC)OCO3)CC(C)C(C)C2,0,0.0787
spectraverse_pos_000089,1,CC(C)=CC=Cc1ccc(C2=CC(=O)C(C)(OC(C)C)C2)c(OCC(=O)O)c1Cl,COc1cc2c(c(OC)c1OC)-c1c(cc3c(c1OC)OCO3)CC(C)C(C)C2,0,0.0674
spectraverse_pos_000089,2,C=Cc1ccc(OC(=O)COC(C)C)c(Cl)c1.CNC(=O)C(C)(C)C=C(C)COC,COc1cc2c(c(OC)c1OC)-c1c(cc3c(c1OC)OCO3)CC(C)C(C)C2,0,0.093
spectraverse_pos_000089,3,CC(=O)C=C(C)c1ccc(OCC(O)=CC2(Cl)CC(=O)C(OC(C)C)C2)c(Cl)c1,COc1cc2c(c(OC)c1OC)-c1c(cc3c(c1OC)OCO3)CC(C)C(C)C2,0,0.092
spectraverse_pos_000089,4,CC1=CC(=O)Oc2ccc1cc2Cl.COC(C)CC=C(OCC(C)F)OC(C)C,COc1cc2c(c(OC)c1OC)-c1c(cc3c(c1OC)OCO3)CC(C)C(C)C2,0,0.092
spectraverse_pos_000090,1,CC(C)=Cc1ccc(OC(=O)C=C(C)c2cc(OCC(C)C)c(Cl)c(=O)o2)cc1Cl,COc1cc2c(c(OC)c1OC)-c1c(cc3c(c1OC)OCO3)CC(C)C(C)C2,0,0.0824
spectraverse_pos_000090,2,CC(C)OC1(C)OC(c2cc(Cl)cc(C=CC(C)(C)OC(C)C=O)c2)=CC1=O,COc1cc2c(c(OC)c1OC)-c1c(cc3c(c1OC)OCO3)CC(C)C(C)C2,0,0.0843
spectraverse_pos_000090,3,C=C(Cl)c1ccc(OC(=O)C=CC(C)(C)C(=O)C2(OCC(C)C)CO2)c(Cl)c1,COc1cc2c(c(OC)c1OC)-c1c(cc3c(c1OC)OCO3)CC(C)C(C)C2,0,0.093
spectraverse_pos_000090,4,CC(C)COC=CC(=CC(=O)O)c1ccc(OCCl)c(Cl)c1.CC1(C)CCC(=O)O1,COc1cc2c(c(OC)c1OC)-c1c(cc3c(c1OC)OCO3)CC(C)C(C)C2,0,0.1124
spectraverse_pos_000090,5,CC(C#Cc1oc(=O)c(C)cc1OC(C)C)=CC(=O)Oc1cc(Cl)c(C)cc1Cl,COc1cc2c(c(OC)c1OC)-c1c(cc3c(c1OC)OCO3)CC(C)C(C)C2,0,0.0843
spectraverse_pos_000091,1,C=C(C)C(=O)COC=Cc1cc(OC(=O)C(C)C)c2ccc(O)cc2c1Cl.CC(C)O,COc1cc2c(c(OC)c1OC)-c1c(cc3c(c1OC)OCO3)CC(C)C(C)C2,0,0.0824
spectraverse_pos_000091,2,CC(C)OC(C)(C)C1C=CC(C)(C)C(=O)C1.O=C1C=C(Cl)c2ccc(c(Cl)c2)O1,COc1cc2c(c(OC)c1OC)-c1c(cc3c(c1OC)OCO3)CC(C)C(C)C2,0,0.122
spectraverse_pos_000091,3,C=C(C)C=CC(C)(OC(C)C)C1=C(O)CC(=O)O1.C=C(Cl)c1ccc(O)c(Cl)c1,COc1cc2c(c(OC)c1OC)-c1c(cc3c(c1OC)OCO3)CC(C)C(C)C2,0,0.0814
spectraverse_pos_000092,1,CC(C)CC(C=O)OC(C)C.CC1(C2=CC(=O)Oc3ccc2cc3Cl)COC(=O)C1,COc1cc2c(c(OC)c1OC)-c1c(cc3c(c1OC)OCO3)CC(C)C(C)C2,0,0.1059
spectraverse_pos_000092,2,CCC(=O)C(C)=CC(=O)Oc1cc(Cl)c(Cl)c(C)ccc(C=CCl)c(OC(C)C)c1,COc1cc2c(c(OC)c1OC)-c1c(cc3c(c1OC)OCO3)CC(C)C(C)C2,0,0.0698
spectraverse_pos_000092,3,C=C(C=C(Cl)c1ccc(OCC(C)C)cc(=O)c1)C(C)=COC.CC(C)C(=O)O,COc1cc2c(c(OC)c1OC)-c1c(cc3c(c1OC)OCO3)CC(C)C(C)C2,0,0.1111
spectraverse_pos_000093,1,CC(C)COc1c(Cl)cc(C=CC(C)(C)C(=O)Cl)cc1OC=O.CC1(C)OC1=O,COc1cc2c(c(OC)c1OC)-c1c(cc3c(c1OC)OCO3)CC(C)C(C)C2,0,0.0952
spectraverse_pos_000093,2,CC(C)COc1c(O)cc(C=CC(=O)C(=O)C(C)C)cc1Cl.COC(C)C=CCl,COc1cc2c(c(OC)c1OC)-c1c(cc3c(c1OC)OCO3)CC(C)C(C)C2,0,0.1125
spectraverse_pos_000093,3,CC(C)COC(=O)C(C)(C=C(Cl)C(=O)Oc1ccc(C(C)C)cc1Cl)OC(C)C,COc1cc2c(c(OC)c1OC)-c1c(cc3c(c1OC)OCO3)CC(C)C(C)C2,0,0.0723
spectraverse_pos_000093,4,CC(C)COc1cc2cc(Cl)c1OC(=O)C=C2Cl.COC1CC(C)(C)CCOC1=O,COc1cc2c(c(OC)c1OC)-c1c(cc3c(c1OC)OCO3)CC(C)C(C)C2,0,0.1429
spectraverse_pos_000093,5,COC(C)C=C(Cl)c1ccc(OCC=CCC2(C)OC(Cl)C2=O)c(OC(C)C)c1,COc1cc2c(c(OC)c1OC)-c1c(cc3c(c1OC)OCO3)CC(C)C(C)C2,0,0.1034
spectraverse_pos_000093,6,CC(C)C=C(Cl)c1ccc(OCC=CC(C)(CC(=O)CO)OC(C)C)c(Cl)c1,COc1cc2c(c(OC)c1OC)-c1c(cc3c(c1OC)OCO3)CC(C)C(C)C2,0,0.0698
spectraverse_pos_000093,7,COC=C1CCC(C)(Oc2ccc(C(Cl)=CC(=O)OCC(C)C)cc2Cl)C(=O)CO1,COc1cc2c(c(OC)c1OC)-c1c(cc3c(c1OC)OCO3)CC(C)C(C)C2,0,0.1222
spectraverse_pos_000094,1,CC(C)O.COC=Cc1cc(C=C(C)C(=O)OC(C)CCC(F)F)cc(Cl)c1C(C)=O,COc1cc2c(c(OC)c1OC)-c1c(cc3c(c1OC)OCO3)CC(C)C(C)C2,0,0.0706
spectraverse_pos_000094,2,C=CC(=O)OCC(C)C.CC(=C(CCl)CC(C)C)C1Cc2cc(O)cc(Cl)c2C(=O)O1,COc1cc2c(c(OC)c1OC)-c1c(cc3c(c1OC)OCO3)CC(C)C(C)C2,0,0.1412
spectraverse_pos_000094,3,CC(C)COC(=O)C(C)C.CC1(C)C=C(C=Cc2ccc(Cl)c(O)c2)C(=O)O1,COc1cc2c(c(OC)c1OC)-c1c(cc3c(c1OC)OCO3)CC(C)C(C)C2,0,0.0854
spectraverse_pos_000094,4,CC(C)(C)OCC(F)Cl.CC1=CC(=O)Oc2cc(ccc2Cl)C2=CC1N(C)C(=O)C2,COc1cc2c(c(OC)c1OC)-c1c(cc3c(c1OC)OCO3)CC(C)C(C)C2,0,0.1136
spectraverse_pos_000094,5,CCC(C)C=CC(=O)OC(C)(C)OC(C)C.O=C1C=C(Cl)c2ccc(c(Cl)c2)O1,COc1cc2c(c(OC)c1OC)-c1c(cc3c(c1OC)OCO3)CC(C)C(C)C2,0,0.0941
spectraverse_pos_000094,6,CC(=O)Oc1c(Cl)cc2cc1OC(=O)C=C2C.CC(C)CC=C(Cl)OCC(C)C,COc1cc2c(c(OC)c1OC)-c1c(cc3c(c1OC)OCO3)CC(C)C(C)C2,0,0.0952
spectraverse_pos_000095,1,CC(=O)Oc1cc(C(C)=CCOC2=CC(=O)C2C)c(F)cc1Cl.CC(C)O,COc1cc2c(c(OC)c1OC)-c1c(cc3c(c1OC)OCO3)CC(C)C(C)C2,0,0.0976
spectraverse_pos_000095,2,CC(C)O.COC(C)C(=O)C(=CC(C)C)c1cccc(OC(=O)N=C(C)O)c1Cl,COc1cc2c(c(OC)c1OC)-c1c(cc3c(c1OC)OCO3)CC(C)C(C)C2,0,0.0741
spectraverse_pos_000095,3,CC(C)COC(=O)C(F)F.CC1=C(C)c2cc(ccc2Cl)OC2(C)CC(C1)C(=O)O2,COc1cc2c(c(OC)c1OC)-c1c(cc3c(c1OC)OCO3)CC(C)C(C)C2,0,0.1047
spectraverse_pos_000095,4,CC(C)COC1=C(Cl)C=CC(Cl)=CC(C=CC(C)(C)C)=C1.CC(C)OC(=O)C(O)=CO,COc1cc2c(c(OC)c1OC)-c1c(cc3c(c1OC)OCO3)CC(C)C(C)C2,0,0.0471
spectraverse_pos_000096,1,CC(C)CO.CC1(C)CC=C(Cl)C(=O)O1.Cc1c#cc2ccc(cc2)oc(=O)c1,COc1cc2c(c(OC)c1OC)-c1c(cc3c(c1OC)OCO3)CC(C)C(C)C2,0,0.0854
spectraverse_pos_000096,2,CC1=COC(CC(C)C)C1=O.COC(C)C#Cc1cc(Cl)c(OCC(C)C)cc1Cl,COc1cc2c(c(OC)c1OC)-c1c(cc3c(c1OC)OCO3)CC(C)C(C)C2,0,0.1098
spectraverse_pos_000096,3,CC(C)=CC(=O)C1(OCC(C)C)CC1.Cc1ccc2ccc(oc(=O)c1)c(Cl)c2,COc1cc2c(c(OC)c1OC)-c1c(cc3c(c1OC)OCO3)CC(C)C(C)C2,0,0.0824
spectraverse_pos_000096,4,C=CC(=O)OC(C)C.CC(C#N)Oc1ccc(C=C2CCC(C)(C)CC2=O)cc1Cl,COc1cc2c(c(OC)c1OC)-c1c(cc3c(c1OC)OCO3)CC(C)C(C)C2,0,0.0889
spectraverse_pos_000096,5,C=C(Cl)c1ccc(OCC(C)C)cc1Cl.C=CC(C)C(=O)O.CC1(C)CC(=O)C(OCF)C1,COc1cc2c(c(OC)c1OC)-c1c(cc3c(c1OC)OCO3)CC(C)C(C)C2,0,0.0753
spectraverse_pos_000097,1,CC1=CC(=O)Oc2ccc1cc2OC(C)C.Cc1cc(Cl)cc(=O)n1OCC(C)Cl,COc1cc2c(c(OC)c1OC)-c1c(cc3c(c1OC)OCO3)CC(C)C(C)C2,0,0.1084
spectraverse_pos_000097,2,COC(C)C(=O)Oc1ccc(C=CC(C)(Cl)c2cccc(OC(C)C)c(=O)c2)cc1,COc1cc2c(c(OC)c1OC)-c1c(cc3c(c1OC)OCO3)CC(C)C(C)C2,0,0.0833
spectraverse_pos_000097,3,CC1Oc2cc(Cl)c(C(=O)CO)c(c2)C=C1Cl.COC(C)C=CCC(C)C.O=C(O)CO,COc1cc2c(c(OC)c1OC)-c1c(cc3c(c1OC)OCO3)CC(C)C(C)C2,0,0.119
spectraverse_pos_000098,1,COC(C)C#Cc1ccc(OC(=O)C=CC2(C)OCC(OCC(C)C)C2=O)c(Cl)c1,COc1cc2c(c(OC)c1OC)-c1c(cc3c(c1OC)OCO3)CC(C)C(C)C2,0,0.1209
spectraverse_pos_000099,1,CC1=C(C2COC(C(O)COC3C=Cc4cc(O)cc(O)c4OC(CO)O3)CO2)CC(=O)C=C1CO,O=C(CCc1ccc(O)c(O)c1)CC(CCc1ccc(O)c(O)c1)OC1OCC(O)C(O)C1O,0,0.1683
spectraverse_pos_000099,2,CC1OOC(C)C2=C(COC(Cc3cc(O)cc(CO)c3)=CC2)OC(=O)C=C1OC(CO)C(O)CO,O=C(CCc1ccc(O)c(O)c1)CC(CCc1ccc(O)c(O)c1)OC1OCC(O)C(O)C1O,0,0.1789
spectraverse_pos_000099,3,CC1=C(OC(=O)C=O)C=CC(C2Oc3cc(O)cc(c3)C=C(O)C2O)=CO1.OCC1CC2OC2O1,O=C(CCc1ccc(O)c(O)c1)CC(CCc1ccc(O)c(O)c1)OC1OCC(O)C(O)C1O,0,0.125
spectraverse_pos_000100,1,CC1=CC(OC(CC(C)C)C2COC(C)(C)C(CC(C)C)C(=O)O2)C(O)CC(C)(C)C1=O.O=c1ccccc2ccc(cc2)o1,C=C(C)C(O)CCC(C)(O)C1(O)CCC2(C)C1C(OC(C)=O)CC1C3(C)CCC(OC(=O)CC(=O)O)C(C)(C)C3CCC12C,0,0.0945
spectraverse_pos_000100,2,COC1CC(O)C(C)(CC(Oc2ccc(OC(=O)C=CC=C(C)C)c(C)n2)C(C)CCCC(O)=Nc2cccc(CCC(C)C)c2)OC1=O,C=C(C)C(O)CCC(C)(O)C1(O)CCC2(C)C1C(OC(C)=O)CC1C3(C)CCC(OC(=O)CC(=O)O)C(C)(C)C3CCC12C,0,0.1042
spectraverse_pos_000100,3,COC1CCC(OC(=O)C=CCCc2ccc(OC3(CCCC(C)O)COC(C)(C)OC3=O)c(CC=CC(C)C)c2)C(C)(C)C1=O,C=C(C)C(O)CCC(C)(O)C1(O)CCC2(C)C1C(OC(C)=O)CC1C3(C)CCC(OC(=O)CC(=O)O)C(C)(C)C3CCC12C,0,0.1259
